ID,Name,Codes,Ownership,Lease rate,NEWPRICE,NEWHOURS,CURRENT PRICE,HOURSREMAINING,WIDTH,SPEED,FIELDEFFICIENCY,HORSEPOWER,RF1,RF2,IRLOAN,LLOAN,IREQUITY,PDEBT,YEAR,RV1,RV2
2,Tractor - 42 HP Tractor,30000023,1,100,18680,9600,18680,9600,10,10,80,42.5,0.007,2,0.08,5,0.08,0.5,4,0.68,0.92
3,Tractor - 70 HP Tractor,30000024,1,100,31460,9600,31460,9600,10,10,80,73,0.007,2,0.08,5,0.08,0.5,4,0.68,0.92
4,Tractor - 131 HP Tractor,30000018,1,100,61030,12800,61030,12800,10,10,80,131.3,0.003,2,0.08,5,0.08,0.5,4,0.68,0.92
5,Troughs - Feed troughs,31000245,1,100,1080,2000,1080,2000,10,10,80,0,0.001,0.1,0.08,5,0.08,0.5,4,0.6,0.885
6,Troughs - Water troughs,31000246,1,100,1600,2000,1600,2000,10,10,80,0,0.001,0.1,0.08,5,0.08,0.5,4,0.6,0.885
7,Loader - Front end loader on medium tractor,31000123,1,100,4800,2000,4800,2000,9,7,80,0,0.6,1.2,0.08,5,0.08,0.5,4,0.6,0.885
8,Loader - Front end loader on large tractor,31000122,1,100,6000,2000,6000,2000,9,7,80,0,0.6,1.2,0.08,5,0.08,0.5,4,0.6,0.885
9,Spreader - Manure spreader Lake Fork,31000227,1,100,4150,1200,4150,1200,9,7,70,0,0.63,1.3,0.08,5,0.08,0.5,4,0.6,0.885
10,Blade - Box Blade,31000017,1,100,750,2000,750,2000,10,10,80,0,0.001,0.1,0.08,5,0.08,0.5,4,0.6,0.885
11,Pickup - Pickup truck,31000157,1,100,13635,2000,13635,2000,6,10,80,0,0.6,1.2,0.08,5,0.08,0.5,4,0.6,0.885
12,Trailer - Cattle trailer,31000243,1,100,4210,2000,4210,2000,6,10,80,0,0.6,1.2,0.08,5,0.08,0.5,4,0.6,0.885
13,Baler - Hay Baler,31000009,1,100,5922.04267,1200,5922.04267,1200,9,5,65,0,0.43,1.8,0.08,5,0.08,0.5,4,0.56,0.885
14,Cutter - Hay Cutter,31000047,1,100,1352.661494,2000,1352.661494,2000,9,7,80,0,0.16,2,0.08,5,0.08,0.5,4,0.6,0.885
15,Rake - Hay Rake,31000192,1,100,2212.494483,2000,2212.494483,2000,9,6,80,0,0.17,1.4,0.08,5,0.08,0.5,4,0.6,0.885
16,Irrigation system - Big gun irrigation system,31000115,1,100,9657.5,2000,9657.5,2000,10,10,80,60,0.6,1.2,0.08,5,0.08,0.5,4,0.6,0.885
17,Wagon - Mixer wagon,31000249,1,100,25000,2000,25000,2000,10,10,80,0,0.6,1.2,0.08,5,0.08,0.5,4,0.6,0.885
18,Hauling equipment - Hay bale mover,31000099,1,100,350,2000,350,2000,10,10,80,0,0.6,1.2,0.08,5,0.08,0.5,4,0.6,0.885
19,Irrigation system - Irrigation (big gun) equipment,31000116,1,100,9657.5,2000,9657.5,2000,10,10,80,60,0.6,1.2,0.08,5,0.08,0.5,4,0.6,0.885
20,"Drill - Grain drill, 8 foot",31000073,1,100,1652.575727,1200,1652.575727,1200,8,5,70,0,0.32,2.1,0.08,5,0.08,0.5,4,0.6,0.885
21,Sprayer - Chemical applicator for herbicide application: 16 row,31000214,1,100,1859.147693,1200,1859.147693,1200,16,6.5,65,0,0.41,1.3,0.08,5,0.08,0.5,4,0.6,0.885
22,Auger - Grain auger,31000005,1,100,6000,1,6000,1,8,6,70,0,0.43,1.8,0.08,5,0.08,0.5,4,0.6,0.885
23,Auger - Auger,31000004,1,100,1,1,1,1,8,6,70,0,0.43,1.8,0.08,5,0.08,0.5,4,0.6,0.885
24,Baler - baler,31000006,1,100,5922.04267,1200,5922.04267,1200,9,5,65,0,0.43,1.8,0.08,5,0.08,0.5,4,0.56,0.885
25,Baler - Big square baler,31000008,1,100,5922.04267,1200,5922.04267,1200,9,5,65,0,0.43,1.8,0.08,5,0.08,0.5,4,0.56,0.885
26,Baler - big round baler,31000007,1,100,5922.04267,1200,5922.04267,1200,9,5,65,0,0.43,1.8,0.08,5,0.08,0.5,4,0.56,0.885
27,Baler - round baler,31000011,1,100,5922.04267,1200,5922.04267,1200,9,5,65,0,0.43,1.8,0.08,5,0.08,0.5,4,0.56,0.885
28,Baler - small square baler,31000013,1,100,5922.04267,1200,5922.04267,1200,9,5,65,0,0.43,1.8,0.08,5,0.08,0.5,4,0.56,0.885
29,Baler - small round baler,31000012,1,100,5922.04267,1200,5922.04267,1200,9,5,65,0,0.43,1.8,0.08,5,0.08,0.5,4,0.56,0.885
30,Cart - grain cart,31000020,1,100,6000,2000,6000,2000,8,6,70,0,0.43,1.8,0.08,5,0.08,0.5,4,0.6,0.885
31,Chopper - chopper,31000025,1,100,6000,1200,6000,1200,9,5,80,0,0.28,1.4,0.08,5,0.08,0.5,4,0.56,0.885
32,Chopper - chopper & boxes,31000026,1,100,6000,1200,6000,1200,9,5,80,0,0.28,1.4,0.08,5,0.08,0.5,4,0.56,0.885
33,Chopper - chopper 2 row,31000027,1,100,6000,1200,6000,1200,9,5,80,0,0.28,1.4,0.08,5,0.08,0.5,4,0.56,0.885
34,Chopper - chopper boxes,31000028,1,100,6000,1200,6000,1200,9,5,80,0,0.28,1.4,0.08,5,0.08,0.5,4,0.56,0.885
35,Chopper - silage chopper--pull type,31000033,1,100,6000,1200,6000,1200,9,5,80,0,0.28,1.4,0.08,5,0.08,0.5,4,0.56,0.885
36,Combine - combine,30000006,1,100,6000,2000,6000,2000,8,6,70,0,0.12,2.3,0.08,5,0.08,0.5,4,0.64,0.885
37,Combine - combine 4 row,30000007,1,100,6000,2000,6000,2000,8,6,70,0,0.12,2.3,0.08,5,0.08,0.5,4,0.64,0.885
38,Combine - combine 6 rows,30000008,1,100,6000,2000,6000,2000,8,6,70,0,0.12,2.3,0.08,5,0.08,0.5,4,0.64,0.885
39,Combine - combine 8 row,30000009,1,100,6000,2000,6000,2000,8,6,70,0,0.12,2.3,0.08,5,0.08,0.5,4,0.64,0.885
40,Combine - IH combine,30000010,1,100,6000,2000,6000,2000,8,6,70,0,0.12,2.3,0.08,5,0.08,0.5,4,0.64,0.885
41,Combine - JD 6020 combine,30000011,1,100,6000,2000,6000,2000,8,6,70,0,0.12,2.3,0.08,5,0.08,0.5,4,0.64,0.885
42,Combine - JD 6620 Combine,30000012,1,100,6000,2000,6000,2000,8,6,70,0,0.12,2.3,0.08,5,0.08,0.5,4,0.64,0.885
43,Cultipaker - cultipaker,31000039,1,100,6000,2000,6000,2000,9,5,80,0,0.16,1.3,0.08,5,0.08,0.5,4,0.6,0.885
44,Cultivator - cultivator,31000041,1,100,6000,2000,6000,2000,9,5,80,0,0.17,2.2,0.08,5,0.08,0.5,4,0.6,0.885
45,Disk - 21 Krause disk,31000053,1,100,6000,2000,6000,2000,9,4.5,85,0,0.18,1.7,0.08,5,0.08,0.5,4,0.6,0.885
46,Disk - 21/ Krause disk,31000054,1,100,6000,2000,6000,2000,9,4.5,85,0,0.18,1.7,0.08,5,0.08,0.5,4,0.6,0.885
47,Disk - Disk,31000056,1,100,6000,2000,6000,2000,9,4.5,85,0,0.18,1.7,0.08,5,0.08,0.5,4,0.6,0.885
48,Drill - 20 tye drill,31000067,1,100,6000,1500,6000,1500,9,5,70,0,0.32,2.1,0.08,5,0.08,0.5,4,0.6,0.885
49,Drill - drill,31000068,1,100,6000,1500,6000,1500,9,5,70,0,0.32,2.1,0.08,5,0.08,0.5,4,0.6,0.885
50,Drill - grain drill,31000072,1,100,6000,1500,6000,1500,9,5,70,0,0.32,2.1,0.08,5,0.08,0.5,4,0.6,0.885
51,Drill - Krause drill,31000074,1,100,6000,1500,6000,1500,9,5,70,0,0.32,2.1,0.08,5,0.08,0.5,4,0.6,0.885
52,Dryer - grain dryer,31000077,1,100,6000,2000,6000,2000,8,6,70,0,0.43,1.8,0.08,5,0.08,0.5,4,0.6,0.885
53,Field cultivator - field cultivator,31000080,1,100,6000,2000,6000,2000,9,7,85,0,0.27,1.4,0.08,5,0.08,0.5,4,0.6,0.885
54,Field cultivator - Krause field cultivator,31000085,1,100,6000,2000,6000,2000,9,7,85,0,0.27,1.4,0.08,5,0.08,0.5,4,0.6,0.885
55,Grinder - mixer grinder,31000091,1,100,6000,2000,6000,2000,8,6,70,0,0.43,1.8,0.08,5,0.08,0.5,4,0.6,0.885
56,Harrow - harrow,31000092,1,100,6000,2000,6000,2000,9,6,80,0,0.18,1.7,0.08,5,0.08,0.5,4,0.6,0.885
57,Loader - skid loader,31000125,1,100,6000,2000,6000,2000,8,6,70,0,0.43,1.8,0.08,5,0.08,0.5,4,0.6,0.885
58,Loader - skid steer,31000126,1,100,6000,2000,6000,2000,8,6,70,0,0.43,1.8,0.08,5,0.08,0.5,4,0.6,0.885
59,Loader - Uniloader,31000127,1,100,6000,2000,6000,2000,8,6,70,0,0.43,1.8,0.08,5,0.08,0.5,4,0.6,0.885
60,Mixer - grinder/mixer,31000129,1,100,25000,2000,25000,2000,8,6,70,0,0.43,1.8,0.08,5,0.08,0.5,4,0.6,0.885
61,Mixer - mixer mill,31000130,1,100,25000,2000,25000,2000,8,6,70,0,0.43,1.8,0.08,5,0.08,0.5,4,0.6,0.885
62,Mixer - tmr mixer,31000131,1,100,25000,2000,25000,2000,8,6,70,0,0.43,1.8,0.08,5,0.08,0.5,4,0.6,0.885
63,Mixer - TMR--mixer,31000132,1,100,25000,2000,25000,2000,8,6,70,0,0.43,1.8,0.08,5,0.08,0.5,4,0.6,0.885
64,Mower - disk bine mower,31000134,1,100,1352.661494,2000,1352.661494,2000,9,7,80,0,0.16,2,0.08,5,0.08,0.5,4,0.56,0.885
65,Other - 1370 case,31000145,1,100,31460,2000,31460,2000,8,6,70,0,0.007,2,0.08,5,0.08,0.5,4,0.6,0.885
66,Other - 1690 case,31000146,1,100,31460,2000,31460,2000,8,6,70,0,0.007,2,0.08,5,0.08,0.5,4,0.6,0.885
67,Other - 2090 case,31000147,1,100,31460,2000,31460,2000,8,6,70,0,0.007,2,0.08,5,0.08,0.5,4,0.6,0.885
68,Other - 23 4800 case,31000148,1,100,31460,2000,31460,2000,8,6,70,0,0.007,2,0.08,5,0.08,0.5,4,0.6,0.885
69,Other - 630 underforth,31000149,1,100,31460,2000,31460,2000,8,6,70,0,0.007,2,0.08,5,0.08,0.5,4,0.6,0.885
70,Other - 670 MM,31000150,1,100,31460,2000,31460,2000,8,6,70,0,0.007,2,0.08,5,0.08,0.5,4,0.6,0.885
71,Other - 9 earth master,31000151,1,100,31460,2000,31460,2000,8,6,70,0,0.007,2,0.08,5,0.08,0.5,4,0.6,0.885
72,Pickup - farm pickup,31000155,1,100,15000,12000,15000,12000,8,6,70,0,0.43,1.8,0.08,5,0.08,0.5,4,0.6,0.885
73,Pickup - pickup,31000156,1,100,15000,12000,15000,12000,8,6,70,0,0.43,1.8,0.08,5,0.08,0.5,4,0.6,0.885
74,Planter - 8 row planter,31000158,1,100,6000,1500,6000,1500,9,6,65,0,0.32,2.1,0.08,5,0.08,0.5,4,0.6,0.885
75,Planter - 8-38 700 JD planters,31000159,1,100,6000,1500,6000,1500,9,6,65,0,0.32,2.1,0.08,5,0.08,0.5,4,0.6,0.885
76,Planter - Planter,31000162,1,100,6000,1500,6000,1500,12,6,65,0,0.32,2.1,0.08,5,0.08,0.5,4,0.6,0.885
77,Planter - planter 12 row,31000163,1,100,6000,1500,6000,1500,15,6,65,0,0.32,2.1,0.08,5,0.08,0.5,4,0.6,0.885
78,Planter - planter 6 row,31000164,1,100,6000,1500,6000,1500,9,6,65,0,0.32,2.1,0.08,5,0.08,0.5,4,0.6,0.885
79,Planter - planter 8 row,31000165,1,100,6000,1500,6000,1500,12,6,65,0,0.32,2.1,0.08,5,0.08,0.5,4,0.6,0.885
80,Planter - planter: 12 30,31000169,1,100,6000,1500,6000,1500,18,6,65,0,0.32,2.1,0.08,5,0.08,0.5,4,0.6,0.885
81,Planter - plantor 4 row,31000170,1,100,6000,1500,6000,1500,8,6,65,0,0.32,2.1,0.08,5,0.08,0.5,4,0.6,0.885
82,Planter - White Planter,31000171,1,100,6000,1500,6000,1500,12,6,65,0,0.32,2.1,0.08,5,0.08,0.5,4,0.6,0.885
83,Plow - 6-10 IH plow,31000180,1,100,6000,2000,6000,2000,9,4.5,85,0,0.29,1.8,0.08,5,0.08,0.5,4,0.6,0.885
84,Plow - 6-18 IH plow,31000181,1,100,6000,2000,6000,2000,9,4.5,85,0,0.29,1.8,0.08,5,0.08,0.5,4,0.6,0.885
85,Plow - chisel,31000185,1,100,6000,2000,6000,2000,12,5,85,0,0.28,1.4,0.08,5,0.08,0.5,4,0.6,0.885
86,Plow - chisel plow,31000186,1,100,6000,2000,6000,2000,12,5,85,0,0.28,1.4,0.08,5,0.08,0.5,4,0.6,0.885
87,"Plow - disk, chisel",31000187,1,100,6000,2000,6000,2000,12,5,85,0,0.28,1.4,0.08,5,0.08,0.5,4,0.6,0.885
88,Plow - mold board plow,31000188,1,100,6000,2000,6000,2000,12,4.5,85,0,0.29,1.8,0.08,5,0.08,0.5,4,0.6,0.885
89,Plow - plow,31000189,1,100,6000,2000,6000,2000,12,4.5,85,0,0.29,1.8,0.08,5,0.08,0.5,4,0.6,0.885
90,Semi - semi to haul grain,31000210,1,100,40000,2000,40000,2000,12,6,70,0,0.43,1.8,0.08,5,0.08,0.5,4,0.6,0.885
91,Sprayer - fence-row sprayer,31000216,1,100,6000,2000,6000,2000,15,6,70,0,0.43,1.8,0.08,5,0.08,0.5,4,0.6,0.885
92,Sprayer - sprayer,31000217,1,100,31460,2000,31460,2000,40,6.5,65,73,0.43,1.8,0.08,5,0.08,0.5,4,0.6,0.885
93,Spreader - 3250 calumet liquid spreader,31000220,1,100,4150,1200,4150,1200,15,7,70,0,0.63,1.3,0.08,5,0.08,0.5,4,0.6,0.885
94,Spreader - liquid manure spreader,31000224,1,100,4150,1200,4150,1200,15,7,70,0,0.63,1.3,0.08,5,0.08,0.5,4,0.6,0.885
95,Spreader - solid manure spreader,31000230,1,100,4150,1200,4150,1200,15,7,70,0,0.63,1.3,0.08,5,0.08,0.5,4,0.6,0.885
96,Spreader - manure spreader,31000225,1,100,4150,1200,4150,1200,15,7,70,0,0.63,1.3,0.08,5,0.08,0.5,4,0.6,0.885
97,Spreader - manure spreader - 115 bu,31000226,1,100,4150,1200,4150,1200,15,7,70,0,0.63,1.3,0.08,5,0.08,0.5,4,0.6,0.885
98,Spreader - Liquid and solid manure spreader,31000223,1,100,6150,1200,6150,1200,15,7,70,0,0.63,1.3,0.08,5,0.08,0.5,4,0.6,0.885
99,Spreader - slinger spreader,31000229,1,100,4150,1200,4150,1200,15,7,70,0,0.63,1.3,0.08,5,0.08,0.5,4,0.6,0.885
100,Spreader - spreader,31000231,1,100,4150,1200,4150,1200,15,7,70,0,0.63,1.3,0.08,5,0.08,0.5,4,0.6,0.885
101,Stacker - heston stacker,31000233,1,100,6000,2000,6000,2000,8,6,70,0,0.43,1.8,0.08,5,0.08,0.5,4,0.56,0.885
102,Stacker - stacker,31000234,1,100,6000,2000,6000,2000,8,6,70,0,0.43,1.8,0.08,5,0.08,0.5,4,0.56,0.885
103,Tank - manure tank-liquid,31000242,1,100,6000,2000,6000,2000,8,6,70,0,0.43,1.8,0.08,5,0.08,0.5,4,0.6,0.885
104,Tractor - tractor,30000031,1,100,31460,2000,31460,2000,8,6,70,0,0.007,2,0.08,5,0.08,0.5,4,0.6,0.885
105,Tractor - field tractors,30000027,1,100,31460,2000,31460,2000,8,6,70,0,0.007,2,0.08,5,0.08,0.5,4,0.6,0.885
106,Tractor - ford tractor,30000028,1,100,31460,2000,31460,2000,8,6,70,0,0.007,2,0.08,5,0.08,0.5,4,0.6,0.885
107,Tractor - industrial loader tractor,30000029,1,100,31460,2000,31460,2000,8,6,70,0,0.007,2,0.08,5,0.08,0.5,4,0.6,0.885
108,Tractor - JD tractors,30000030,1,100,31460,2000,31460,2000,8,6,70,0,0.007,2,0.08,5,0.08,0.5,4,0.6,0.885
109,Trailer - semi tractor & grain traler & low bo,31000244,1,100,6000,2000,6000,2000,8,6,70,0,0.43,1.8,0.08,5,0.08,0.5,4,0.6,0.885
110,Vac - thor grain vac,31000247,1,100,6000,2000,6000,2000,8,6,70,0,0.43,1.8,0.08,5,0.08,0.5,4,0.6,0.885
111,Wagon - 550 killbros wagon,31000248,1,100,25000,2000,25000,2000,8,6,70,0,0.19,1.3,0.08,5,0.08,0.5,4,0.6,0.885
112,Wagon - tmr wagon,31000250,1,100,25000,2000,25000,2000,8,6,70,0,0.19,1.3,0.08,5,0.08,0.5,4,0.6,0.885
113,Wagon - wagon-gravity,31000251,1,100,25000,2000,25000,2000,8,6,70,0,0.19,1.3,0.08,5,0.08,0.5,4,0.6,0.885
114,Wagon - wagons,31000252,1,100,25000,2000,25000,2000,8,6,70,0,0.19,1.3,0.08,5,0.08,0.5,4,0.6,0.885
115,Wagon - wagons hay and grain,31000253,1,100,25000,2000,25000,2000,8,6,70,0,0.19,1.3,0.08,5,0.08,0.5,4,0.6,0.885
116,"Wagon - wagons--grain, forage, hay",31000254,1,100,25000,2000,25000,2000,8,6,70,0,0.19,1.3,0.08,5,0.08,0.5,4,0.6,0.885
117,Plow - 4 FT MOLDBOARD,31000178,1,100,3850,1500,3850,1500,4,4.5,85,0,0.29,1.8,0.08,5,0.08,0.5,4,0.6,0.885
118,Plow - 53 FT MOLDBOARD,31000179,1,100,8250,1500,8250,1500,5.3,4.5,85,0,0.29,1.8,0.08,5,0.08,0.5,4,0.6,0.885
119,Plow - 7 FT MOLDBOARD,31000182,1,100,13200,1500,13200,1500,7,4.5,85,0,0.29,1.8,0.08,5,0.08,0.5,4,0.6,0.885
120,Plow - 9 FT MOLDBOARD,31000183,1,100,15400,1500,15400,1500,9,4.5,85,0,0.29,1.8,0.08,5,0.08,0.5,4,0.6,0.885
121,Plow - 10 FT MOLDBOARD,31000173,1,100,17600,1500,17600,1500,10,4.5,85,0,0.29,1.8,0.08,5,0.08,0.5,4,0.6,0.885
122,Plow - 15 FT MOLDBOARD,31000174,1,100,18000,1500,18000,1500,15,5,80,0,0.29,1.8,0.08,5,0.08,0.5,4,0.6,0.885
123,Plow - 95 FT CHISEL PLOW,31000184,1,100,3850,1200,3850,1200,9.5,5,85,0,0.28,1.4,0.08,5,0.08,0.5,4,0.6,0.885
124,Plow - 15FT CHISEL PLOW,31000175,1,100,4500,1200,4500,1200,15,5,85,0,0.28,1.4,0.08,5,0.08,0.5,4,0.6,0.885
125,Plow - 20 FT CHISEL PLOW,31000176,1,100,18000,1100,18000,1100,20,4.5,75,0,0.28,1.4,0.08,5,0.08,0.5,4,0.6,0.885
126,Plow - 25 FT CHISEL PLOW,31000177,1,100,14000,1200,14000,1200,25,5,85,0,0.28,1.4,0.08,5,0.08,0.5,4,0.6,0.885
127,Chopper - STALK CHOPPER 6 FT,31000034,1,100,3000,2200,3000,2200,6,8,85,0,0.28,1.4,0.08,5,0.08,0.5,4,0.6,0.885
128,"Chopper - FLAIL CHOPPER, 10 FT",31000029,1,100,7150,1200,7150,1200,10,5,80,0,0.28,1.4,0.08,5,0.08,0.5,4,0.6,0.885
129,"Chopper - FLAIL CHOPPER, 15 FT",31000030,1,100,9350,1200,9350,1200,15,5,80,0,0.28,1.4,0.08,5,0.08,0.5,4,0.6,0.885
130,Disk - 14 FT TANDEM DISK,31000050,1,100,9680,1500,9680,1500,14,6,80,0,0.18,1.7,0.08,5,0.08,0.5,4,0.6,0.885
131,Disk - 17 FT TANDEM DISK,31000051,1,100,15900,1500,15900,1500,17,6,80,0,0.18,1.7,0.08,5,0.08,0.5,4,0.6,0.885
132,Disk - 21 FT TANDEM DISK,31000052,1,100,20500,1500,20500,1500,21,6,75,0,0.18,1.7,0.08,5,0.08,0.5,4,0.6,0.885
133,Disk - 27 FT TANDEM DISK,31000055,1,100,25000,1500,25000,1500,27,6,80,0,0.18,1.7,0.08,5,0.08,0.5,4,0.6,0.885
134,"Disk - OFF-SET DISK, 14 FT",31000057,1,100,9020,1200,9020,1200,14,4.5,85,0,0.18,1.7,0.08,5,0.08,0.5,4,0.6,0.885
135,"Disk - OFF-SET DISK, 16 FT",31000058,1,100,10560,1200,10560,1200,16,4.5,85,0,0.18,1.7,0.08,5,0.08,0.5,4,0.6,0.885
136,"Disk - OFF-SET DISK, 18 FT",31000059,1,100,12650,1200,12650,1200,18,4.5,85,0,0.18,1.7,0.08,5,0.08,0.5,4,0.6,0.885
137,"Disk - OFF-SET DISK, 21 FT",31000060,1,100,13860,1200,13860,1200,21,4.5,85,0,0.18,1.7,0.08,5,0.08,0.5,4,0.6,0.885
138,"Harrow - PT HARROW, 5 section",31000093,1,100,3600,600,3600,600,20,7,85,0,0.27,1.4,0.08,5,0.08,0.5,4,0.6,0.885
139,"Harrow - PT HARROW, 7 section",31000094,1,100,4300,600,4300,600,28,7,85,0,0.27,1.4,0.08,5,0.08,0.5,4,0.6,0.885
140,"Sprayer - DISK SPRAYER, 21 FT",31000215,1,100,15950,1500,15950,1500,21,6,80,0,0.18,1.7,0.08,5,0.08,0.5,4,0.6,0.885
141,"Field cultivator - FLD CULT, 18 FT",31000081,1,100,5830,600,5830,600,18,7,85,0,0.27,1.4,0.08,5,0.08,0.5,4,0.6,0.885
142,"Field cultivator - FLD CULT, 24 FT",31000082,1,100,19650,1200,19650,1200,24,5,85,0,0.27,1.4,0.08,5,0.08,0.5,4,0.6,0.885
143,"Field cultivator - FLD CULT, 27 FT",31000083,1,100,15300,600,15300,600,27,7,85,0,0.27,1.4,0.08,5,0.08,0.5,4,0.6,0.885
144,"Field cultivator - FLD CULT, 34 FT",31000084,1,100,21000,600,21000,600,34,7,85,0,0.27,1.4,0.08,5,0.08,0.5,4,0.6,0.885
145,Spreader - BULK FERT 25 FT,31000221,1,100,3000,450,3000,450,25,6,70,0,0.63,1.3,0.08,5,0.08,0.5,4,0.6,0.885
146,Spreader - NH3 APPL 15 FT,31000228,1,100,6640,900,6640,900,15,6,70,0,0.63,1.3,0.08,5,0.08,0.5,4,0.6,0.885
147,Spreader - CP W/ NH3 APP 11 FT,31000222,1,100,7040,1200,7040,1200,11,7,70,0,0.63,1.3,0.08,5,0.08,0.5,4,0.6,0.885
148,"Drill - GR DRILL, 12 FT",31000069,1,100,8100,600,8100,600,12,5,70,0,0.32,2.1,0.08,5,0.08,0.5,4,0.6,0.885
149,"Drill - GR DRILL, 20 FT",31000070,1,100,13000,600,13000,600,20,5,70,0,0.32,2.1,0.08,5,0.08,0.5,4,0.6,0.885
150,"Drill - GR DRILL, 30 FT",31000071,1,100,20000,600,20000,600,30,4.5,70,0,0.32,2.1,0.08,5,0.08,0.5,4,0.6,0.885
151,"Planter - PLANTER, 6 row narrow",31000167,1,100,14190,900,14190,900,15,5.5,65,0,0.32,2.1,0.08,5,0.08,0.5,4,0.6,0.885
152,"Planter - PLANTER, 8 row narrow",31000168,1,100,28710,1200,28710,1200,20,5,65,0,0.32,2.1,0.08,5,0.08,0.5,4,0.6,0.885
153,"Planter - PLANTER, 12 row narrow",31000166,1,100,25520,900,25520,900,30,4.5,65,0,0.32,2.1,0.08,5,0.08,0.5,4,0.6,0.885
154,"Planter - NT PLANTER, 8 row narrow",31000161,1,100,40400,1200,40400,1200,20,4.5,70,0,0.32,2.1,0.08,5,0.08,0.5,4,0.6,0.885
155,"Rotary Hoe - ROTARY HOE, 127 FT",31000201,1,100,2750,750,2750,750,12.7,12,80,0,0.23,1.4,0.08,5,0.08,0.5,4,0.6,0.885
156,"Rotary Hoe - ROTARY HOE, 15 FT",31000202,1,100,3850,750,3850,750,15,12,80,0,0.23,1.4,0.08,5,0.08,0.5,4,0.6,0.885
157,"Rotary Hoe - ROTARY HOE, 20 FT",31000203,1,100,5000,750,5000,750,20,11,80,0,0.23,1.4,0.08,5,0.08,0.5,4,0.6,0.885
158,"Rotary Hoe - ROTARY HOE, 30 FT",31000204,1,100,9000,750,9000,750,30,10,80,0,0.23,1.4,0.08,5,0.08,0.5,4,0.6,0.885
159,"Cultivator - CULTIVATOR, 4 row narrow",31000043,1,100,4500,1200,4500,1200,10,5,80,0,0.17,2.2,0.08,5,0.08,0.5,4,0.6,0.885
160,"Cultivator - CULTIVATOR, 6 row narrow",31000044,1,100,5400,1200,5400,1200,15,5,80,0,0.17,2.2,0.08,5,0.08,0.5,4,0.6,0.885
161,"Cultivator - CULTIVATOR, 8 row narrow",31000045,1,100,6600,1200,6600,1200,20,5,80,0,0.17,2.2,0.08,5,0.08,0.5,4,0.6,0.885
162,"Cultivator - CULTIVATOR,  12 row narrow",31000042,1,100,10450,1200,10450,1200,30,5,80,0,0.17,2.2,0.08,5,0.08,0.5,4,0.6,0.885
163,"Sprayer - SPRAYER, 40 FT",31000218,1,100,2500,750,2500,750,40,6.5,65,0,0.41,1.3,0.08,5,0.08,0.5,4,0.6,0.885
164,"Head - CORN HEAD, 4 row narrow",31000100,1,100,17000,2550,17000,2550,10,3,70,0,0.12,2.3,0.08,5,0.08,0.5,4,0.56,0.885
165,"Head - CORN HEAD, 6 row narrow",31000101,1,100,23000,2550,23000,2550,15,3,70,0,0.12,2.3,0.08,5,0.08,0.5,4,0.56,0.885
166,"Head - CORN HEAD, 8 row narrow",31000102,1,100,30000,2000,30000,2000,20,3,70,0,0.12,2.3,0.08,5,0.08,0.5,4,0.56,0.885
167,"Head - CORN SIL HD, 2ROW",31000103,1,100,1,3000,1,3000,6,3.5,70,0,0.12,2.3,0.08,5,0.08,0.5,4,0.56,0.885
168,"Head - CORN SIUL HD, 3 ROW",31000104,1,100,1,3000,1,3000,9,3.5,70,0,0.12,2.3,0.08,5,0.08,0.5,4,0.56,0.885
169,"Head - GR PLAT, SB 13 FT",31000109,1,100,12650,1200,12650,1200,13,3,70,0,0.12,2.3,0.08,5,0.08,0.5,4,0.56,0.885
170,"Head - GR PLAT, SB 15 FT",31000110,1,100,15400,1200,15400,1200,15,3,70,0,0.12,2.3,0.08,5,0.08,0.5,4,0.56,0.885
171,"Head - GR PLAT, SB 18 FT",31000111,1,100,20900,1200,20900,1200,18,3,75,0,0.12,2.3,0.08,5,0.08,0.5,4,0.56,0.885
172,"Head - GR PLAT, SB 20 FT",31000112,1,100,23100,1200,23100,1200,20,3,70,0,0.12,2.3,0.08,5,0.08,0.5,4,0.56,0.885
173,"Head - GR PLAT, SB 24 FT",31000113,1,100,14630,1200,14630,1200,24,3,70,0,0.12,2.3,0.08,5,0.08,0.5,4,0.56,0.885
174,"Head - GR PLAT, GR 13 FT",31000105,1,100,10538,900,10538,900,13,3,70,0,0.12,2.3,0.08,5,0.08,0.5,4,0.56,0.885
175,"Head - GR PLAT, GR 15 FT",31000106,1,100,11440,900,11440,900,15,3,70,0,0.12,2.3,0.08,5,0.08,0.5,4,0.56,0.885
176,"Head - GR PLAT, GR 18 FT",31000107,1,100,12320,900,12320,900,18,3,70,0,0.12,2.3,0.08,5,0.08,0.5,4,0.56,0.885
177,"Head - GR PLAT, GR 20 FT",31000108,1,100,13090,900,13090,900,20,3,70,0,0.12,2.3,0.08,5,0.08,0.5,4,0.56,0.885
178,"Hauling equipment - HAUL GRAIN, 200 BU",31000095,1,100,3900,2250,3900,2250,10,4.65,80,0,0.19,1.3,0.08,5,0.08,0.5,4,0.6,0.885
179,"Hauling equipment - HAUL GRAIN, 300 BU",31000096,1,100,5800,2250,5800,2250,10,6.2,80,0,0.19,1.3,0.08,5,0.08,0.5,4,0.6,0.885
180,"Picker - CORN PICKER, 2 row wide",31000154,1,100,6600,3000,6600,3000,5,2.5,65,0,0.056,1.8,0.08,5,0.08,0.5,4,0.56,0.885
181,"Silage Harvester - SILAGE HARV, 3 row narrow",31000211,1,100,35000,3000,35000,3000,7.5,3,70,0,0.15,1.6,0.08,5,0.08,0.5,4,0.56,0.885
182,"Hauling equipment - HAUL SILAGE, 14 ft",31000098,1,100,9000,2100,9000,2100,5,4.2,80,0,0.16,1.6,0.08,5,0.08,0.5,4,0.6,0.885
183,"Mower - MOW CONDIT, 7 FT",31000136,1,100,8800,1800,8800,1800,7,5,80,0,0.18,1.6,0.08,5,0.08,0.5,4,0.56,0.885
184,"Mower - MOW CONDIT, 9 FT",31000137,1,100,15000,1800,15000,1800,9,5,80,0,0.18,1.6,0.08,5,0.08,0.5,4,0.56,0.885
185,"Mower - MOW CONDIT, 12 FT",31000135,1,100,18000,1800,18000,1800,12,5,80,0,0.18,1.6,0.08,5,0.08,0.5,4,0.56,0.885
186,"Rake - RAKE, 7 FT",31000193,1,100,2750,1500,2750,1500,7,6,80,0,0.17,1.4,0.08,5,0.08,0.5,4,0.6,0.885
187,"Rake - RAKE, 9 FT",31000194,1,100,4500,1500,4500,1500,9,6,80,0,0.17,1.4,0.08,5,0.08,0.5,4,0.6,0.885
188,"Baler - SQ BALER, 14 FT",31000014,1,100,13120.8,1500,13120.8,1500,14,4,75,0,0.23,1.8,0.08,5,0.08,0.5,4,0.56,0.885
189,"Baler - RD BALER, 14 FT",31000010,1,100,19500,1800,19500,1800,14,5,65,0,0.43,1.8,0.08,5,0.08,0.5,4,0.56,0.885
190,"Stacker - STACKER, 14 FT",31000235,1,100,9130,1800,9130,1800,14,5,60,0,0.43,1.8,0.08,5,0.08,0.5,4,0.56,0.885
191,"Stacker - STACKER, 18 FT",31000236,1,100,17600,1800,17600,1800,18,5,60,0,0.43,1.8,0.08,5,0.08,0.5,4,0.56,0.885
192,"Stacker - STACKER, 24 FT",31000237,1,100,21670,1800,21670,1800,24,5,60,0,0.43,1.8,0.08,5,0.08,0.5,4,0.56,0.885
193,"Windrower - WINDROWER, 9 ft",31000255,1,100,4400,1500,4400,1500,9,5,80,0,0.06,2,0.08,5,0.08,0.5,4,0.56,0.885
194,"Hauling equipment - HAUL HAY, 15 FT",31000097,1,100,770,1200,770,1200,15,2.75,80,0,0.16,1.6,0.08,5,0.08,0.5,4,0.6,0.885
195,"Chopper - FORAGE CHOP, 7 FT",31000032,1,100,18260,3000,18260,3000,7,3,70,0,0.15,1.6,0.08,5,0.08,0.5,4,0.56,0.885
196,"Chopper - FORAGE CHOP, 10 FT",31000031,1,100,25000,3000,25000,3000,10,3,70,0,0.15,1.6,0.08,5,0.08,0.5,4,0.56,0.885
197,"Blower - FORAGE BLOWER, 14 FT",31000018,1,100,4950,750,4950,750,14,4.45,80,0,0.22,1.8,0.08,5,0.08,0.5,4,0.56,0.885
198,Drill - No-Till Drill 15FT,31000075,1,100,23000,900,23000,900,15,5,70,0,0.32,2.1,0.08,5,0.08,0.5,4,0.6,0.885
199,Tractor - 75 HP TRACTOR,30000025,1,100,37300,8000,37300,8000,8,6,70,75,0.007,2,0.08,5,0.08,0.5,4,0.68,0.92
200,Tractor - 95 HP TRACTOR,30000026,1,100,41300,8000,41300,8000,8,6,70,95,0.007,2,0.08,5,0.08,0.5,4,0.68,0.92
201,Tractor - 105 HP TRACTOR,30000016,1,100,50225,8000,50225,8000,8,6,70,105,0.007,2,0.08,5,0.08,0.5,4,0.68,0.92
202,Tractor - 125 HP TRACTOR,30000017,1,100,65550,8000,65550,8000,8,6,70,125,0.007,2,0.08,5,0.08,0.5,4,0.68,0.92
203,Tractor - 145 HP TRACTOR,30000019,1,100,71675,8000,71675,8000,8,6,70,145,0.007,2,0.08,5,0.08,0.5,4,0.68,0.92
204,Tractor - 165 HP TRACTOR,30000020,1,100,79400,8000,79400,8000,8,6,70,165,0.007,2,0.08,5,0.08,0.5,4,0.68,0.92
205,Tractor - 185 HP TRACTOR,30000021,1,100,99075,8000,99075,8000,8,6,70,185,0.003,2,0.08,5,0.08,0.5,4,0.68,0.92
206,Tractor - 225 HP TRACTOR,30000022,1,100,118525,8000,118525,8000,8,6,70,225,0.003,2,0.08,5,0.08,0.5,4,0.68,0.92
207,Combine - 130 HP COMBINE,30000002,1,100,78800,5500,78800,5500,8,6,70,130,0.02,2.1,0.08,5,0.08,0.5,4,0.64,0.885
208,Combine - 150 HP COMBINE,30000003,1,100,100975,5500,100975,5500,16,8,75,150,0.02,2.1,0.08,5,0.08,0.5,4,0.64,0.885
209,Combine - 190 HP COMBINE,30000004,1,100,116400,5500,116400,5500,8,6,70,190,0.02,2.1,0.08,5,0.08,0.5,4,0.64,0.885
210,Combine - 240 HP COMBINE,30000005,1,100,128900,5500,128900,5500,8,6,70,240,0.02,2.1,0.08,5,0.08,0.5,4,0.64,0.885
211,Forage harvester - 225 HP FORG HARV,30000013,1,100,94550,4000,94550,4000,8,6,70,225,0.02,1.8,0.08,5,0.08,0.5,4,0.56,0.885
212,Forage harvester - 290 HP FORG HARV,30000014,1,100,110900,4000,110900,4000,8,6,70,290,0.02,1.8,0.08,5,0.08,0.5,4,0.56,0.885
213,"Planter - NT PLANTER from regular, 6 row narrow",31000160,1,100,17190,900,17190,900,15,5.5,65,0,0.32,2.1,0.08,5,0.08,0.5,4,0.6,0.885
214,Loader - Poultry house keeper,31000124,1,100,12000,2000,12000,2000,8,6,70,0,0.43,1.8,0.08,5,0.08,0.5,4,0.6,0.885
215,Flush system - Wash down unit,31000089,1,100,5000,2000,5000,2000,8,6,70,0,0.43,1.8,0.08,3,0.08,0.5,4,0.6,0.885
223,Tractor,30000015,1,100,94550,4000,94550,4000,8,6,70,225,0.02,1.8,0.08,5,0.08,0.5,4,0.56,0.885
224,Tandem Disk,31000239,1,100,110900,4000,110900,4000,15,8,80,290,0.02,1.8,0.08,5,0.08,0.5,4,0.56,0.885
225,Combine,30000001,1,100,17190,900,17190,900,15,5.5,65,0,0.32,2.1,0.08,5,0.08,0.5,4,0.6,0.885
226,Moldboard Plow,31000133,1,100,12000,2000,12000,2000,8,6,70,0,0.43,1.8,0.08,5,0.08,0.5,4,0.6,0.885
227,Chisel Plow,31000024,1,100,5000,2000,5000,2000,15,9,85,0,0.43,1.8,0.08,3,0.08,0.5,4,0.6,0.885
228,Loader,31000121,1,100,2750,750,2750,750,12.7,12,80,0,0.23,1.4,0.08,5,0.08,0.5,4,0.6,0.885
229,Coulter chisel,31000037,1,100,3850,750,3850,750,15,5,75,0,0.23,1.4,0.08,5,0.08,0.5,4,0.6,0.885
230,Deep ripper,31000048,1,100,15000,750,15000,750,15,6,80,0,0.23,1.4,0.08,5,0.08,0.5,4,0.6,0.885
231,Disk plow,31000064,1,100,9000,750,9000,750,20,6,80,0,0.23,1.4,0.08,5,0.08,0.5,4,0.6,0.885
232,Hoeme plow,31000114,1,100,4500,1200,4500,1200,10,5,80,0,0.17,2.2,0.08,5,0.08,0.5,4,0.6,0.885
233,Ripper,31000197,1,100,15400,1200,15400,1200,15,5,80,0,0.17,2.2,0.08,5,0.08,0.5,4,0.6,0.885
234,Chisel disk,31000023,1,100,6600,1200,6600,1200,20,5,80,0,0.17,2.2,0.08,5,0.08,0.5,4,0.6,0.885
235,Offset disk(heavy duty),31000143,1,100,10450,1200,10450,1200,30,5,80,0,0.17,2.2,0.08,5,0.08,0.5,4,0.6,0.885
236,Offset disk (light duty),31000142,1,100,2500,750,2500,750,40,6.5,65,0,0.41,1.3,0.08,5,0.08,0.5,4,0.6,0.885
237,One-way disk,31000144,1,100,17000,2550,17000,2550,10,3,70,0,0.12,2.3,0.08,5,0.08,0.5,4,0.56,0.885
238,Single disk,31000212,1,100,23000,2550,23000,2550,15,3,70,0,0.12,2.3,0.08,5,0.08,0.5,4,0.56,0.885
239,Tandem disk (heavy duty),31000240,1,100,30000,2550,30000,2550,20,3,70,0,0.12,2.3,0.08,5,0.08,0.5,4,0.56,0.885
240,Tandem disk (regular),31000241,1,100,12650,1200,12650,1200,6,3.5,70,0,0.12,2.3,0.08,5,0.08,0.5,4,0.56,0.885
241,Paraplow,31000153,1,100,12650,1200,12650,1200,9,3.5,70,0,0.12,2.3,0.08,5,0.08,0.5,4,0.56,0.885
242,Field cultivator(reg),31000086,1,100,19650,900,19650,900,24,5,65,0,0.12,2.3,0.08,5,0.08,0.5,4,0.56,0.885
243,Furrow-out cultivator,31000090,1,100,15400,1200,15400,1200,15,3,70,0,0.12,2.3,0.08,5,0.08,0.5,4,0.56,0.885
244,Rotary hoe,31000200,1,100,20900,1200,20900,1200,18,3,70,0,0.12,2.3,0.08,5,0.08,0.5,4,0.56,0.885
245,"Disk cultivator, rolling cultivator, row cultivator",31000062,1,100,23100,1200,23100,1200,20,3,70,0,0.12,2.3,0.08,5,0.08,0.5,4,0.56,0.885
246,"Duckfoot cultivator, field cultivator(heavy duty)",31000078,1,100,24630,1200,24630,1200,24,3,70,0,0.12,2.3,0.08,5,0.08,0.5,4,0.56,0.885
247,Marker,31000128,1,100,10538,900,10538,900,13,3,70,0,0.12,2.3,0.08,5,0.08,0.5,4,0.56,0.885
248,"Field conditioner, Ground hog, Scratcher, Seedbed conditioner, Soil conditioner",31000079,1,100,11440,900,11440,900,15,3,70,0,0.12,2.3,0.08,5,0.08,0.5,4,0.56,0.885
249,"Finishing harrow, Harrogator",31000087,1,100,12320,900,12320,900,18,3,70,0,0.12,2.3,0.08,5,0.08,0.5,4,0.56,0.885
250,Coiltine harrow,31000035,1,100,13090,900,13090,900,20,3,70,0,0.12,2.3,0.08,5,0.08,0.5,4,0.56,0.885
251,"Culti-weeder, multi-weeder",31000046,1,100,3900,2250,3900,2250,10,4.65,80,0,0.19,1.3,0.08,5,0.08,0.5,4,0.6,0.885
252,"Chain drag, Drag, Log drag, Pipe drag, Rail drag",31000021,1,100,5800,2250,5800,2250,10,6.2,80,0,0.19,1.3,0.08,5,0.08,0.5,4,0.6,0.885
253,"Culti-mulcher, Crumbler, Packer-mulcher, Pulvi-mulcher, Roller harrow",31000038,1,100,6600,3000,6600,3000,9,5,80,0,0.056,1.8,0.08,5,0.08,0.5,4,0.56,0.885
254,spike-tooth harrow,31000213,1,100,35000,3000,35000,3000,7.5,3,70,0,0.15,1.6,0.08,5,0.08,0.5,4,0.56,0.885
255,spring-tooth harrow,31000232,1,100,9000,2100,9000,2100,5,4.2,80,0,0.16,1.6,0.08,5,0.08,0.5,4,0.6,0.885
256,Powered spike tooth harrow,31000191,1,100,8800,1800,8800,1800,7,5,80,0,0.18,1.6,0.08,5,0.08,0.5,4,0.56,0.885
257,Bedder-shaper,31000015,1,100,15000,1800,15000,1800,9,5,80,0,0.18,1.6,0.08,5,0.08,0.5,4,0.56,0.885
258,"Disk bedder, row disk, Bedder",31000061,1,100,18000,1800,18000,1800,12,5,80,0,0.18,1.6,0.08,5,0.08,0.5,4,0.56,0.885
259,"Lister, Breaker, Middle buster",31000120,1,100,2750,1500,2750,1500,7,6,80,0,0.17,1.4,0.08,5,0.08,0.5,4,0.6,0.885
260,"Ripper-hipper, Subsoil bedder",31000198,1,100,14500,1500,14500,1500,9,6,80,0,0.17,1.4,0.08,5,0.08,0.5,4,0.6,0.885
261,Seed bed roller,31000209,1,100,13120.8,1500,13120.8,1500,14,4,75,0,0.23,1.8,0.08,5,0.08,0.5,4,0.56,0.885
262,Discovator,31000049,1,100,19500,1800,19500,1800,14,5,65,0,0.43,1.8,0.08,5,0.08,0.5,4,0.56,0.885
263,"Packer, pulverizer",31000152,1,100,9130,1800,9130,1800,14,5,60,0,0.43,1.8,0.08,5,0.08,0.5,4,0.56,0.885
264,"DoAll, Landall, Mix-n-till, Tillall",31000066,1,100,17600,1800,17600,1800,18,5,60,0,0.43,1.8,0.08,5,0.08,0.5,4,0.56,0.885
265,"Mulch treader, skew treader",31000138,1,100,21670,1800,21670,1800,24,5,60,0,0.43,1.8,0.08,5,0.08,0.5,4,0.56,0.885
266,"Lely, Roterra",31000117,1,100,4400,1500,4400,1500,9,5,80,0,0.06,2,0.08,5,0.08,0.5,4,0.56,0.885
267,"Rotary tiller, Roto-tiller",31000205,1,100,770,1200,770,1200,15,2.75,80,0,0.16,1.6,0.08,5,0.08,0.5,4,0.6,0.885
268,Sand-fighter,31000208,1,100,18260,3000,18260,3000,7,3,70,0,0.15,1.6,0.08,5,0.08,0.5,4,0.56,0.885
269,"Finishing too, Mulch finisher, Soil finisher, Task master, Tri-tiller",31000088,1,100,25000,3000,25000,3000,10,3,70,0,0.15,1.6,0.08,5,0.08,0.5,4,0.56,0.885
270,Aircraft seeded,31000003,1,100,4950,750,4950,750,14,4.45,80,0,0.22,1.8,0.08,5,0.08,0.5,4,0.56,0.885
271,Broadcast seeder,31000019,1,100,23000,900,23000,900,30,5,70,0,0.32,2.1,0.08,5,0.08,0.5,4,0.6,0.885
272,Air delivery drill,31000001,1,100,37300,8000,37300,8000,8,6,70,75,0.007,2,0.08,5,0.08,0.5,4,0.68,0.92
273,No-till drill,31000139,1,100,48543,2000,48543,2000,24,5.5,70,0,0.32,2.1,0.08,5,0.08,0.5,4,0.68,0.92
274,"Disk drill, Hoe drill, Press drill",31000063,1,100,50225,8000,50225,8000,8,6,70,105,0.007,2,0.08,5,0.08,0.5,4,0.68,0.92
275,Bedder-shaper planter,31000016,1,100,65550,8000,65550,8000,8,6,70,125,0.007,2,0.08,5,0.08,0.5,4,0.68,0.92
276,"Lister planter, lister drill",31000119,1,100,71675,8000,71675,8000,8,6,70,145,0.007,2,0.08,5,0.08,0.5,4,0.68,0.92
277,"No-till planter, Ripper row planter",31000140,1,100,79400,8000,79400,8000,8,6,70,165,0.007,2,0.08,5,0.08,0.5,4,0.68,0.92
278,"Row planter, Flex row planter, Tye planter",31000207,1,100,99075,8000,99075,8000,8,6,70,185,0.003,2,0.08,5,0.08,0.5,4,0.68,0.92
279,Air delivery row planter,31000002,1,100,118525,8000,118525,8000,8,6,70,225,0.003,2,0.08,5,0.08,0.5,4,0.68,0.92
280,Ridge-till planter,31000196,1,100,45400,1500,45400,1500,24,5,70,0,0.32,2.1,0.08,5,0.08,0.5,4,0.64,0.885
281,Potato planter,31000190,1,100,101975,5500,101975,5500,8,6,70,150,0.02,2.1,0.08,5,0.08,0.5,4,0.64,0.885
282,"Ditch digger, ditcher, levee-plow, levee disk",31000065,1,100,116400,5500,116400,5500,8,6,70,190,0.02,2.1,0.08,5,0.08,0.5,4,0.64,0.885
283,"Corrugator, Dammer-diker, diker, furrow-diker",31000036,1,100,128900,5500,128900,5500,8,6,70,240,0.02,2.1,0.08,5,0.08,0.5,4,0.64,0.885
284,"Leveler, land plane, laser leveler",31000118,1,100,94550,4000,94550,4000,8,6,70,225,0.02,1.8,0.08,5,0.08,0.5,4,0.56,0.885
285,Rake or rock picker,31000195,1,100,110900,4000,110900,4000,8,6,70,290,0.02,1.8,0.08,5,0.08,0.5,4,0.56,0.885
286,Stalk shredder or cutter,31000238,1,100,17190,900,17190,900,15,5.5,65,0,0.32,2.1,0.08,5,0.08,0.5,4,0.6,0.885
287,Chisel 180HP,31000022,1,100,12000,2000,12000,2000,8,6,70,0,0.43,1.8,0.08,5,0.08,0.5,4,0.6,0.885
288,Row planter,31000206,1,100,5000,2000,5000,2000,15,6,70,0,0.43,1.8,0.08,3,0.08,0.5,4,0.6,0.885
289,Offset disk,31000141,1,100,94550,4000,94550,4000,8,6,70,225,0.02,1.8,0.08,5,0.08,0.5,4,0.56,0.885
290,Rolling,31000199,1,100,110900,4000,110900,4000,8,6,70,290,0.02,1.8,0.08,5,0.08,0.5,4,0.56,0.885
291,Cultivating,31000040,1,100,17190,900,17190,900,15,5.5,65,0,0.32,2.1,0.08,5,0.08,0.5,4,0.6,0.885
292,Planting,31000172,1,100,12000,2000,12000,2000,8,6,70,0,0.43,1.8,0.08,5,0.08,0.5,4,0.6,0.885
293,Dry Fert. Rig,31000076,1,100,5000,2000,5000,2000,8,6,70,0,0.43,1.8,0.08,3,0.08,0.5,4,0.6,0.885
294,Spraying,31000219,1,100,5000,2000,5000,2000,8,6,70,0,0.43,1.8,0.08,3,0.08,0.5,4,0.6,0.885
295,Fertilizing,31000256,1,100,15950,1500,15950,1500,21,6,80,0,0.18,1.7,0.08,5,0.08,0.5,4,0.6,0.885
296,Chiseling,31000257,1,100,6000,2000,6000,2000,9,5,85,0,0.28,1.4,0.08,5,0.08,0.5,4,0.6,0.885
297, Tandem Disk,31000258,1,100,41300,8000,41300,8000,8,6,70,95,0.007,2,0.08,5,0.08,0.5,4,0.68,0.92
298,Stack 67,31000259,1,100,50225,8000,50225,8000,8,6,70,105,0.007,2,0.08,5,0.08,0.5,4,0.68,0.92
299,Listing,31000260,1,100,65550,8000,65550,8000,8,6,70,125,0.007,2,0.08,5,0.08,0.5,4,0.68,0.92
300,Fertilizer Appl.,31000261,1,100,71675,8000,71675,8000,8,6,70,145,0.007,2,0.08,5,0.08,0.5,4,0.68,0.92
301,Bedding,31000262,1,100,79400,8000,79400,8000,8,6,70,165,0.007,2,0.08,5,0.08,0.5,4,0.68,0.92
302,Haul 100,31000263,1,100,99075,8000,99075,8000,8,6,70,185,0.003,2,0.08,5,0.08,0.5,4,0.68,0.92
303,Stack 100,31000264,1,100,118525,8000,118525,8000,8,6,70,225,0.003,2,0.08,5,0.08,0.5,4,0.68,0.92
304,Haul 67,31000265,1,100,78800,5500,78800,5500,8,6,70,130,0.02,2.1,0.08,5,0.08,0.5,4,0.64,0.885
305,Chisel,31000266,1,100,101975,5500,101975,5500,8,6,70,150,0.02,2.1,0.08,5,0.08,0.5,4,0.64,0.885
306,Disk,31000267,1,100,116400,5500,116400,5500,8,6,70,190,0.02,2.1,0.08,5,0.08,0.5,4,0.64,0.885
307,Drill 20 ft,31000268,1,100,128900,5500,128900,5500,20,6,70,240,0.02,2.1,0.08,5,0.08,0.5,4,0.64,0.885
308,Fertilizer 100,31000269,1,100,94550,4000,94550,4000,8,6,70,225,0.02,1.8,0.08,5,0.08,0.5,4,0.56,0.885
309,"herb,pre-emerge bermuda",31000270,1,100,110900,4000,110900,4000,8,6,70,290,0.02,1.8,0.08,5,0.08,0.5,4,0.56,0.885
310,sprigging,31000271,1,100,17190,900,17190,900,15,5.5,65,0,0.32,2.1,0.08,5,0.08,0.5,4,0.6,0.885
311,Spraying Pasture,31000272,1,100,12000,2000,12000,2000,8,6,70,0,0.43,1.8,0.08,5,0.08,0.5,4,0.6,0.885
312,Irrigation 4,31000273,1,100,5000,2000,5000,2000,8,6,70,0,0.43,1.8,0.08,3,0.08,0.5,4,0.6,0.885
313,Insecticide,31000274,1,100,94550,4000,94550,4000,8,6,70,225,0.02,1.8,0.08,5,0.08,0.5,4,0.56,0.885
314,Irrigation 5.5,31000275,1,100,110900,4000,110900,4000,8,6,70,290,0.02,1.8,0.08,5,0.08,0.5,4,0.56,0.885
315,Drilling Grain,31000276,1,100,17190,900,17190,900,15,5.5,65,0,0.32,2.1,0.08,5,0.08,0.5,4,0.6,0.885
316,Tandem 21 Ft,31000277,1,100,12000,2000,12000,2000,21,6,70,0,0.43,1.8,0.08,5,0.08,0.5,4,0.6,0.885
317,Herbicide,31000278,1,100,5000,2000,5000,2000,8,6,70,0,0.43,1.8,0.08,3,0.08,0.5,4,0.6,0.885
318,Chiseling 25 Ft,31000279,1,100,5000,2000,5000,2000,25,6,70,0,0.43,1.8,0.08,3,0.08,0.5,4,0.6,0.885
319,Chisel Plow 25 Ft,31000280,1,100,15950,1500,15950,1500,25,6,80,0,0.18,1.7,0.08,5,0.08,0.5,4,0.6,0.885
320,Spreader,31000281,1,100,6000,2000,6000,2000,9,5,85,0,0.28,1.4,0.08,5,0.08,0.5,4,0.6,0.885
321,Fertilizer spreader,31000282,1,100,15950,1500,15950,1500,21,6,80,0,0.18,1.7,0.08,5,0.08,0.5,4,0.6,0.885
322,Blade Plow,31000283,1,100,15950,1500,15950,1500,21,6,80,0,0.18,1.7,0.08,5,0.08,0.5,4,0.6,0.885
323,Rod weeding,31000284,1,100,15950,1500,15950,1500,21,6,80,0,0.18,1.7,0.08,5,0.08,0.5,4,0.6,0.885
324,Insecticide appl,31000285,1,100,15950,1500,15950,1500,21,6,80,0,0.18,1.7,0.08,5,0.08,0.5,4,0.6,0.885
325,Sweep Plow,31000286,1,100,15950,1500,15950,1500,21,6,80,0,0.18,1.7,0.08,5,0.08,0.5,4,0.6,0.885
326,Drill,31000287,1,100,15950,1500,15950,1500,12,6,70,0,0.18,1.7,0.08,5,0.08,0.5,4,0.6,0.885
327,Packing,31000288,1,100,15950,1500,15950,1500,21,6,80,0,0.18,1.7,0.08,5,0.08,0.5,4,0.6,0.885
328,irrigation 3,31000289,1,100,15950,1500,15950,1500,21,6,80,0,0.18,1.7,0.08,5,0.08,0.5,4,0.6,0.885
329,irrigation 4.5,31000290,1,100,15950,1500,15950,1500,21,6,80,0,0.18,1.7,0.08,5,0.08,0.5,4,0.6,0.885
330,Insecticide appl. Alfalfa,31000291,1,100,15950,1500,15950,1500,21,6,80,0,0.18,1.7,0.08,5,0.08,0.5,4,0.6,0.885
331,irrigation 2,31000292,1,100,15950,1500,15950,1500,21,6,80,0,0.18,1.7,0.08,5,0.08,0.5,4,0.6,0.885
332,Drilling,31000293,1,100,15950,1500,15950,1500,12,6,70,0,0.18,1.7,0.08,5,0.08,0.5,4,0.6,0.885
333,Herbicide Appl.,31000294,1,100,15950,1500,15950,1500,21,6,80,0,0.18,1.7,0.08,5,0.08,0.5,4,0.6,0.885
334,Fertilizer dry,31000295,1,100,15950,1500,15950,1500,21,6,80,0,0.18,1.7,0.08,5,0.08,0.5,4,0.6,0.885
335,Tandem,31000296,1,100,15950,1500,15950,1500,21,6,80,0,0.18,1.7,0.08,5,0.08,0.5,4,0.6,0.885
336,Fert. Appl. Dry,31000297,1,100,15950,1500,15950,1500,12,6,70,0,0.18,1.7,0.08,5,0.08,0.5,4,0.6,0.885
337,TRACTOR 2WD  40 HP  LP,30000032,1,100,17861,12000,16237,12000,0.3,0,0,30,0.007,2,0.08,5,0.08,0.5,4,0.68,0.92
338,TRACTOR 2WD  40 HP  GAS,30000033,1,100,18260,12000,16600,12000,0.3,0,0,30,0.007,2,0.08,5,0.08,0.5,4,0.68,0.92
339,TRACTOR 2WD  40 HP DIESEL,30000034,1,100,18260,12000,16600,12000,0.3,0,0,30,0.007,2,0.08,5,0.08,0.5,4,0.68,0.92
340,TRACTOR 2WD  55 HP  LP,30000035,1,100,24200,12000,22000,12000,0.3,0,0,41,0.007,2,0.08,5,0.08,0.5,4,0.68,0.92
341,TRACTOR 2WD  55 HP  GAS,30000036,1,100,24200,12000,22000,12000,0.3,0,0,41,0.007,2,0.08,5,0.08,0.5,4,0.68,0.92
342,TRACTOR 2WD  55 HP DIESEL,30000037,1,100,24200,12000,22000,12000,0.3,0,0,41,0.007,2,0.08,5,0.08,0.5,4,0.68,0.92
343,TRACTOR 2WD  85 HP  LP,30000038,1,100,37620,12000,34200,12000,0.3,0,0,63,0.007,2,0.08,5,0.08,0.5,4,0.68,0.92
344,TRACTOR 2WD  85 HP  GAS,30000039,1,100,37620,12000,34200,12000,0.3,0,0,63,0.007,2,0.08,5,0.08,0.5,4,0.68,0.92
345,TRACTOR 2WD  85 HP DIESEL,30000040,1,100,37620,12000,34200,12000,0.3,0,0,63,0.007,2,0.08,5,0.08,0.5,4,0.68,0.92
346,TRACTOR 2WD 100 HP  LP,30000041,1,100,47740,12000,43400,12000,0.3,0,0,75,0.007,2,0.08,5,0.08,0.5,4,0.68,0.92
347,"HORSE OR MULE, DRAFT",30000042,1,100,2409,9000,2190,9000,0.3,3.22,75,0,1,0.002,0.08,5,0.08,0.5,4,0.6,0.885
348,TRACTOR 2WD 100 HP DIESEL,30000043,1,100,47740,12000,43400,12000,0.3,0,0,75,0.007,2,0.08,5,0.08,0.5,4,0.68,0.92
349,TRACTOR 2WD 135 HP DIESEL,30000044,1,100,61916,12000,56288,12000,0.3,0,0,101,0.007,2,0.08,5,0.08,0.5,4,0.68,0.92
350,TRACTOR 2WD 160 HP DIESEL,30000045,1,100,78781,12000,71619,12000,0.3,0,0,119,0.007,2,0.08,5,0.08,0.5,4,0.68,0.92
351,TRACTOR 2WD 175 HP DIESEL,30000046,1,100,92679,12000,84254,12000,0.3,0,0,130,0.007,2,0.08,5,0.08,0.5,4,0.68,0.92
352,TRACTOR 2WD 205 HP DIESEL,30000047,1,100,113771,12000,103428,12000,0.3,0,0,153,0.007,2,0.08,5,0.08,0.5,4,0.68,0.92
353,TRACTOR 2WD 225 HP DIESEL,30000048,1,100,127864,12000,116240,12000,0.3,0,0,168,0.007,2,0.08,5,0.08,0.5,4,0.68,0.92
354,TRACTOR 2WD 290 HP DIESEL,30000049,1,100,161978,12000,147253,12000,0.3,0,0,216,0.007,2,0.08,5,0.08,0.5,4,0.68,0.92
355,TRACTOR 4WD  40 HP DIESEL,30000050,1,100,17499,12000,15908,12000,0.3,0,0,30,0.003,2,0.08,5,0.08,0.5,4,0.68,0.92
356,TRACTOR 4WD  55 HP DIESEL,30000051,1,100,20515,12000,18650,12000,0.3,0,0,41,0.003,2,0.08,5,0.08,0.5,4,0.68,0.92
357,TRACTOR 4WD  85 HP DIESEL,30000052,1,100,32848,12000,29862,12000,0.3,0,0,63,0.003,2,0.08,5,0.08,0.5,4,0.68,0.92
358,TRACTOR 4WD 100 HP DIESEL,30000053,1,100,42342,12000,38492,12000,0.3,0,0,75,0.003,2,0.08,5,0.08,0.5,4,0.68,0.92
359,TRACTOR 4WD 135 HP DIESEL,30000054,1,100,60270,12000,54791,12000,0.3,0,0,101,0.003,2,0.08,5,0.08,0.5,4,0.68,0.92
360,TRACTOR 4WD 160 HP DIESEL,30000055,1,100,76687,12000,69716,12000,0.3,0,0,119,0.003,2,0.08,5,0.08,0.5,4,0.68,0.92
361,TRACTOR 4WD 175 HP DIESEL,30000056,1,100,90069,12000,81881,12000,0.3,0,0,130,0.003,2,0.08,5,0.08,0.5,4,0.68,0.92
362,TRACTOR 4WD 205 HP DIESEL,30000057,1,100,110567,12000,100515,12000,0.3,0,0,153,0.003,2,0.08,5,0.08,0.5,4,0.68,0.92
363,TRACTOR 4WD 225 HP DIESEL,30000058,1,100,139700,12000,127000,12000,0.3,0,0,168,0.003,2,0.08,5,0.08,0.5,4,0.68,0.92
364,TRACTOR 4WD 290 HP DIESEL,30000059,1,100,157418,12000,143107,12000,0.3,0,0,216,0.003,2,0.08,5,0.08,0.5,4,0.68,0.92
365,4W ASST  40 HP DIESEL,30000060,1,100,174990,12000,159080,12000,0.3,0,0,30,0.003,2,0.08,5,0.08,0.5,4,0.68,0.92
366,4W ASST  55 HP DIESEL,30000061,1,100,20515,12000,18650,12000,0.3,0,0,41,0.003,2,0.08,5,0.08,0.5,4,0.68,0.92
367,4W ASST  85 HP DIESEL,30000062,1,100,32848,12000,29862,12000,0.3,0,0,63,0.003,2,0.08,5,0.08,0.5,4,0.68,0.92
368,4W ASST 100 HP DIESEL,30000063,1,100,42342,12000,38492,12000,0.3,0,0,75,0.003,2,0.08,5,0.08,0.5,4,0.68,0.92
369,4W ASST 135 HP DIESEL,30000064,1,100,60270,12000,54791,12000,0.3,0,0,101,0.003,2,0.08,5,0.08,0.5,4,0.68,0.92
370,4W ASST 175 HP DIESEL,30000065,1,100,90069,12000,81881,12000,0.3,0,0,130,0.003,2,0.08,5,0.08,0.5,4,0.68,0.92
371,4W ASST 205 HP DIESEL,30000066,1,100,110567,12000,100515,12000,0.3,0,0,153,0.003,2,0.08,5,0.08,0.5,4,0.68,0.92
372,4W ASST 225 HP DIESEL,30000067,1,100,124266,12000,112969,12000,0.3,0,0,168,0.003,2,0.08,5,0.08,0.5,4,0.68,0.92
373,4W ASST 290 HP DIESEL,30000068,1,100,157418,12000,143107,12000,0.3,0,0,216,0.003,2,0.08,5,0.08,0.5,4,0.68,0.92
374,CRAWLER  40 HP DIESEL,30000069,1,100,17499,12000,15908,12000,0.3,0,0,30,0.003,2,0.08,5,0.08,0.5,4,0.68,0.92
375,CRAWLER  55 HP DIESEL,30000070,1,100,20515,12000,18650,12000,0.3,0,0,41,0.003,2,0.08,5,0.08,0.5,4,0.68,0.92
376,CRAWLER  85 HP DIESEL,30000071,1,100,32848,12000,29862,12000,0.3,0,0,63,0.003,2,0.08,5,0.08,0.5,4,0.68,0.92
377,CRAWLER 100 HP DIESEL,30000072,1,100,42342,12000,38492,12000,0.3,0,0,75,0.003,2,0.08,5,0.08,0.5,4,0.68,0.92
378,CRAWLER 135 HP DIESEL,30000073,1,100,60270,12000,54791,12000,0.3,0,0,101,0.003,2,0.08,5,0.08,0.5,4,0.68,0.92
379,CRAWLER 160 HP DIESEL,30000074,1,100,76687,12000,69716,12000,0.3,0,0,119,0.003,2,0.08,5,0.08,0.5,4,0.68,0.92
380,CRAWLER 175 HP DIESEL,30000075,1,100,90069,12000,81881,12000,0.3,0,0,130,0.003,2,0.08,5,0.08,0.5,4,0.68,0.92
381,CRAWLER 205 HP DIESEL,30000076,1,100,110567,12000,100515,12000,0.3,0,0,153,0.003,2,0.08,5,0.08,0.5,4,0.68,0.92
382,CRAWLER 225 HP DIESEL,30000077,1,100,124266,12000,112969,12000,0.3,0,0,168,0.003,2,0.08,5,0.08,0.5,4,0.68,0.92
383,CRAWLER 290 HP DIESEL,30000078,1,100,157418,12000,143107,12000,0.3,0,0,216,0.003,2,0.08,5,0.08,0.5,4,0.68,0.92
384,DRILL NO-TILL 24 FT,31000298,1,100,48543,2000,44130,2000,7.3,6.44,65,0,0.32,2.1,0.08,5,0.08,0.5,4,0.6,0.885
385,BEET PLANTER 8 ROW,31000299,1,100,1270,390,1155,390,1.4,6.44,65,0,0.32,2.1,0.08,5,0.08,0.5,4,0.68,0.92
386,POTATO PLANTER,31000300,1,100,27035,1200,24577,1200,5.5,5.63,75,0,0.32,2.1,0.08,5,0.08,0.5,4,0.6,0.885
387,TRANSPLANTER 4-ROW 12FT,31000301,1,100,1540,2000,1400,2000,3.7,3.22,70,0,0.32,2.1,0.08,5,0.08,0.5,4,0.6,0.885
388,"DRILL,PLAIN,DISCGRAIN GT1",31000302,1,100,17389,1200,15808,1200,4.3,4.02,70,0,0.32,2.1,0.08,5,0.08,0.5,4,0.6,0.885
389,PLANTER REGULAR 12 ROW,31000303,1,100,27692,1200,25175,1200,36,8.85,65,0,0.32,2.1,0.08,5,0.08,0.5,4,0.6,0.885
390,PLANTER NO-TILL 6 ROW,31000304,1,100,21512,1200,19556,1200,11.5,4.99,70,0,0.32,2.1,0.08,5,0.08,0.5,4,0.6,0.885
391,PLANTER RIDGE TILL 6 ROW,31000305,1,100,21512,1200,19556,1200,12,4.99,70,0,0.32,2.1,0.08,5,0.08,0.5,4,0.6,0.885
392,AERIAL SEEDING,31000306,1,100,14913,1200,13557,1200,6.1,4.83,80,0,0.32,2.1,0.08,5,0.08,0.5,4,0.6,0.885
393,BROADCAST SEEDER,31000307,1,100,8852,1200,8047,1200,6.1,7.88,75,0,0.32,2.1,0.08,5,0.08,0.5,4,0.6,0.885
394,ROW CULTIVATOR GE15FT,31000308,1,100,7999,2000,7272,2000,15,5.63,80,0,0.17,2.2,0.08,5,0.08,0.5,4,0.6,0.885
395,FIELD CULTIVATOR 36FT,31000309,1,100,18045,2500,16405,2500,11,8.05,75,0,0.27,1.4,0.08,5,0.08,0.5,4,0.6,0.885
396,HARROW 10 BAR TINE 36 FT,31000310,1,100,6332,2500,5757,2500,36,6.44,75,0,0.27,1.4,0.08,5,0.08,0.5,4,0.6,0.885
397,CULTI-PACKER PULVERIZER,31000311,1,100,6494,2000,5904,2000,4.3,9.65,85,0,0.16,1.7,0.08,5,0.08,0.5,4,0.6,0.885
398,LAND PLANE-LEVELER,31000312,1,100,7806,2500,7096,2500,2.1,7.24,80,0,0.18,1.7,0.08,5,0.08,0.5,4,0.6,0.885
399,LISTER (MIDDLE-BUSTER),31000313,1,100,8606,2500,7824,2500,4.3,7.24,80,0,0.29,1.8,0.08,5,0.08,0.5,4,0.6,0.885
400,SAND-FIGHTER,31000314,1,100,932,2000,848,2000,4.3,11.26,80,0,0.23,1.4,0.08,5,0.08,0.5,4,0.6,0.885
401,SEEDBED ROLLER,31000315,1,100,7768,2000,7062,2000,24,7.24,80,0,0.16,1.3,0.08,5,0.08,0.5,4,0.6,0.885
402,FLEX-TINE HARROW CL GE20F,31000316,1,100,3509,2500,3190,2500,6.4,8.05,85,0,0.27,1.4,0.08,5,0.08,0.5,4,0.6,0.885
403,SPIKE TOOTH HARROW GT25FT,31000317,1,100,2548,2000,2317,2000,7.9,8.05,85,0,0.27,1.4,0.08,5,0.08,0.5,4,0.6,0.885
404,SPRINGTOOTH HARROW GE15FT,31000318,1,100,4617,2000,4197,2000,4.9,8.05,85,0,0.27,1.4,0.08,5,0.08,0.5,4,0.6,0.885
405,ROTARY HOE,31000319,1,100,4367,2000,3970,2000,4.3,11.26,80,0,0.23,1.4,0.08,5,0.08,0.5,4,0.6,0.885
406,ROTO-TILLER,31000320,1,100,15846,2500,14406,2500,4.3,6.44,80,0,0.36,2,0.08,5,0.08,0.5,4,0.6,0.885
407,BEET PULLER,31000321,1,100,17771,1500,16155,1500,3,3.2,65,0,0.28,1.4,0.08,5,0.08,0.5,4,0.8,0.96
408,CHISEL PLOW LE15FT,31000322,1,100,14300,2000,13000,2000,4.3,7.24,85,0,0.28,1.4,0.08,5,0.08,0.5,4,0.6,0.885
409,COULTER-CHISEL PLOW,31000323,1,100,8342,2500,7584,2500,5.5,8.05,80,0,0.28,1.4,0.08,5,0.08,0.5,4,0.6,0.885
410,DISK PLOW GE23FT,31000324,1,100,28820,2000,26200,2000,7.3,7.24,80,0,0.18,1.7,0.08,5,0.08,0.5,4,0.6,0.885
411,MOLDBOARD PLOW REG 4-6B,31000325,1,100,9134,2000,8304,2000,2,7.24,80,0,0.29,1.8,0.08,5,0.08,0.5,4,0.6,0.885
412,MOLDBOARD PLOW 2-WAY 4-6B,31000326,1,100,16461,2000,14964,2000,2,7.24,80,0,0.29,1.8,0.08,5,0.08,0.5,4,0.6,0.885
413,SUBSOIL CHISEL PLOW,31000327,1,100,11796,2000,10724,2000,5.5,6.44,80,0,0.28,1.4,0.08,5,0.08,0.5,4,0.6,0.885
414,RICE ROLLER,31000328,1,100,7956,1750,7233,1750,1.8,4.83,70,0,0.16,1.3,0.08,5,0.08,0.5,4,0.6,0.885
415,DEEP RIPPER- SUBSOILER,31000329,1,100,11578,2000,10525,2000,5.5,6.44,80,0,0.28,1.4,0.08,5,0.08,0.5,4,0.6,0.885
416,DISK BORDER MAKER,31000330,1,100,23110,2500,21009,2500,2.1,7.24,80,0,0.18,1.7,0.08,5,0.08,0.5,4,0.6,0.885
417,OFFSET DIS/HEAVDUTY GE19F,31000331,1,100,38145,2000,34677,2000,5.8,7.24,80,0,0.18,1.7,0.08,5,0.08,0.5,4,0.6,0.885
418,TANDEM DISK PLW GE19FT,31000332,1,100,32685,2000,29713,2000,5.8,7.24,80,0,0.18,1.7,0.08,5,0.08,0.5,4,0.6,0.885
419,TANDEM DISK REG GE19FT,31000333,1,100,19603,2000,17821,2000,19,6.44,80,0,0.18,1.7,0.08,5,0.08,0.5,4,0.6,0.885
420,BLADE 10 FT,31000334,1,100,320,2500,291,2500,3,6.44,80,0,0.29,1.8,0.08,5,0.08,0.5,4,0.6,0.885
421,FURROW DIKER,31000335,1,100,21116,2500,19196,2500,2.1,7.24,80,0,0.17,2.2,0.08,5,0.08,0.5,4,0.6,0.885
422,AERIAL FERT APPLICATION,31000336,1,100,86837,2000,78942,2000,9.1,6.44,67,0,0.63,1.3,0.08,5,0.08,0.5,4,0.56,0.885
423,ANHYD FERT APP TRACTOR MT,31000337,1,100,6154,1200,5594,1200,9.1,6.44,65,0,0.63,1.3,0.08,5,0.08,0.5,4,0.6,0.885
424,ANHYD FERT APP TRAILER MT,31000338,1,100,13252,1200,12047,1200,9.1,6.44,65,0,0.63,1.3,0.08,5,0.08,0.5,4,0.6,0.885
425,DRY FERT SPRDR TRAILER MT,31000339,1,100,1631,1200,1483,1200,9.1,7.24,70,0,0.63,1.3,0.08,5,0.08,0.5,4,0.6,0.885
426,LQUD FERT APPL TRAILER MT,31000340,1,100,7512,1500,6829,1500,15,10.46,85,0,0.63,1.3,0.08,5,0.08,0.5,4,0.6,0.885
427,MANURE SPREADER,31000341,1,100,6232,2000,5665,2000,15,6.44,85,0,0.63,1.3,0.08,5,0.08,0.5,4,0.6,0.885
428,SELF-PROP FERT SPREADER,30000079,1,100,68826,2000,62569,2000,9.1,10.46,65,75,0.63,1.3,0.08,5,0.08,0.5,4,0.56,0.885
429,FERT APPL SHANK 36FT RENT,31000342,1,100,50,24000,50,24000,11,4.83,50,0,0.63,1.3,0.08,5,0.08,0.5,4,0.6,0.858
430,AERIAL CHEM APPLICATION,31000343,1,100,27529,2500,25027,2500,9.1,8.1,80,0,0.2,1.6,0.08,5,0.08,0.5,4,0.6,0.885
431,CHEM APPL ATT TO IMPL,31000344,1,100,2512,1200,2284,1200,3,7.24,70,0,0.41,1.3,0.08,5,0.08,0.5,4,0.6,0.885
432,CHEM APPL LG SELF-PROP,30000080,1,100,33989,2000,30899,2000,9.1,10.46,65,75,0.41,1.3,0.08,5,0.08,0.5,4,0.56,0.885
433,CHEM APPL GE30FT TRLR MTD,31000345,1,100,7370,1500,6700,1500,11,7.24,65,0,0.41,1.3,0.08,5,0.08,0.5,4,0.6,0.885
434,CHEM APPL (RENTED) 60 FT,31000346,1,100,24,1,24,1,18.3,6.44,75,0,0.41,1.3,0.08,5,0.08,0.5,4,0,0
435,COMBINE SELF-PROP 2WD,30000081,1,100,181352,2000,164865,2000,4.9,5,70,119,0.04,2.1,0.08,5,0.08,0.5,4,0.64,0.885
436,COMBINE SELF-PROP 4WD,30000082,1,100,162625,2000,147841,2000,5.5,5.31,70,119,0.04,2.1,0.08,5,0.08,0.5,4,0.64,0.885
437,COMBINE SELF-PROP TRACK,30000083,1,100,197281,3500,179346,3500,5.5,1.61,70,119,0.04,2.1,0.08,5,0.08,0.5,4,0.64,0.885
438,CORN PICKER,30000084,1,100,16310,2000,14827,2000,1.5,5.95,70,149,0.14,2.3,0.08,5,0.08,0.5,4,0.6,0.885
439,COTTON PICKER (MTD),31000347,1,100,8398,2000,7634,2000,4.9,4.83,80,0,0.11,1.8,0.08,5,0.08,0.5,4,0.6,0.885
440,COTTON PICKER SELF-PROP,30000085,1,100,244200,2500,222000,2500,1.5,4.18,70,149,0.11,1.8,0.08,5,0.08,0.5,4,0.64,0.885
441,COTTON MODULE BUILDER,31000348,1,100,14300,20000,13000,20000,4.9,1.61,80,0,0.1,1.8,0.08,5,0.08,0.5,4,0.64,0.885
442,COTTON ROOD MACHINE,31000349,1,100,8398,2500,7634,2500,4.9,6.44,80,0,0.11,1.8,0.08,5,0.08,0.5,4,0.6,0.885
443,COTTON STRIPPER (MTD),31000350,1,100,8398,2500,7634,2500,4.9,7.24,80,0,0.11,1.8,0.08,5,0.08,0.5,4,0.6,0.885
444,COTTON STRIPPER SELF-PROP,30000086,1,100,112129,2000,101935,2000,4.9,6.92,75,149,0.11,1.8,0.08,5,0.08,0.5,4,0.64,0.885
445,COTTON TRAILER,31000351,1,100,2200,525,2000,525,4.9,19.31,50.9,0,0.19,1.3,0.08,5,0.08,0.5,4,0.6,0.885
446,PEANUT DIGGER-SHAKER,31000352,1,100,9514,2000,8649,2000,4.9,4.02,80,0,0.59,1.3,0.08,5,0.08,0.5,4,0.6,0.885
447,PEANUT COMBINE (PTO),31000353,1,100,90115,2000,81923,2000,4.9,3.2,55,0,0.12,2.3,0.08,5,0.08,0.5,4,0.64,0.885
448,PEANUT RESHAKER-COND,31000354,1,100,6288,1200,5717,1200,4.9,4.02,80,0,0.06,2,0.08,5,0.08,0.5,4,0.6,0.885
449,PEANUT SHAKER-INVERTER,31000355,1,100,17952,1200,16320,1200,4.9,4.02,80,0,0.06,2,0.08,5,0.08,0.5,4,0.6,0.885
450,PEANUT VINE CUTTER,31000356,1,100,8062,1200,7329,1200,4.9,1.61,80,0,0.46,1.7,0.08,5,0.08,0.5,4,0.6,0.885
451,PEANUT WAGON,31000357,1,100,69528,2000,63208,2000,4.9,16.09,82.5,0,0.19,1.3,0.08,5,0.08,0.5,4,0.6,0.885
452,SILAGE HARVESTER,31000358,1,100,31867,2500,28970,2500,12,4.51,80,0,0.15,1.6,0.08,5,0.08,0.5,4,0.56,0.885
453,"BALER, MOTOR MTD",31000359,1,100,14518,2500,13198,2500,6,6.4,80,0,0.23,1.8,0.08,5,0.08,0.5,4,0.6,0.885
454,"BALER, PTO LARGE",31000360,1,100,17930,2000,16300,2000,9,16.1,82.5,0,0.1,1.8,0.08,5,0.08,0.5,4,0.56,0.885
455,"BALER, PTO SMALL",31000361,1,100,19360,2000,17600,2000,6,16.1,82.5,0,0.23,1.8,0.08,5,0.08,0.5,4,0.56,0.885
456,"BALER, SELF-PROPELLED",30000087,1,100,17930,2500,16300,2500,6,4.8,80,149,0.1,1.8,0.08,5,0.08,0.5,4,0.6,0.885
457,"MOWER COND, PTO",31000362,1,100,15191,2500,13810,2500,12,9.65,80,0,0.18,1.6,0.08,5,0.08,0.5,4,0.6,0.885
458,"MOWER COND, SELF-PROP",30000088,1,100,23650,2500,21500,2500,2.7,7.24,80,75,0.18,1.6,0.08,5,0.08,0.5,4,0.6,0.885
459,"MOWER, DRUM-DISC",31000363,1,100,15070,2500,13700,2500,2.1,7.24,80,0,0.16,2,0.08,5,0.08,0.5,4,0.6,0.885
460,"MOWER, SICKLE",31000364,1,100,3636,2000,3306,2000,2.1,8.05,80,0,0.46,1.7,0.08,5,0.08,0.5,4,0.6,0.885
461,"RAKE, SIDE DELIVERY",31000365,1,100,5287,2000,4807,2000,3,7.24,80,0,0.17,1.4,0.08,5,0.08,0.5,4,0.6,0.885
462,"RAKE, WHEEL",31000366,1,100,5951,2500,5410,2500,3,6.44,80,0,0.17,1.4,0.08,5,0.08,0.5,4,0.6,0.885
463,"WINDROWER-SWATHER, PTO",31000367,1,100,20307,2000,18461,2000,12,8,70,0,0.06,2,0.08,5,0.08,0.5,4,0.6,0.885
464,WINDROWER-SWTH SELF-PROP,30000089,1,100,1539,2000,1399,2000,4.3,8.37,70,63,0.06,2,0.08,5,0.08,0.5,4,0.6,0.885
465,BALE LOADER,31000368,1,100,69520,2000,63200,2000,0.3,16.1,82.5,0,0.43,1.8,0.08,5,0.08,0.5,4,0.6,0.885
466,"SHREDDER, FLAIL GT8FT",31000369,1,100,3889,2000,3535,2000,2.7,6.44,80,0,0.44,2,0.08,5,0.08,0.5,4,0.6,0.885
467,"SHREDDER, ROTARY GT8FT",31000370,1,100,5245,2000,4768,2000,2.7,5.63,80,0,0.44,2,0.08,5,0.08,0.5,4,0.6,0.885
468,STACK MOVER,31000371,1,100,4667,2000,4243,2000,2.7,4.83,80,0,0.16,1.6,0.08,5,0.08,0.5,4,0.6,0.885
469,STACKER AUTOMATIC,30000090,1,100,2959,2500,2690,2500,0.3,5.63,80,149,0.16,1.6,0.08,5,0.08,0.5,4,0.6,0.885
470,BEET HARVESTER,30000091,1,100,10514,1500,9558,1500,3,3.22,65,4,0.59,1.3,0.08,5,0.08,0.5,4,0.68,0.9
471,BEET TOPPER 12 HP,30000092,1,100,2830,1000,2573,1000,3,6.44,65,9,0.28,1.4,0.08,5,0.08,0.5,4,1.5,0.92
472,RICE COMBINE,31000372,1,100,47802,1890,43457,1890,3.7,5.63,70,0,0.04,2.1,0.08,5,0.08,0.5,4,0.6,0.885
473,PIPE WAGON,31000373,1,100,948,800,862,800,12.2,8.05,65,0,0.19,1.3,0.08,5,0.08,0.5,4,0.8,0.94
474,UTILITY TRAILER 20 FT,31000374,1,100,7108,3000,6462,3000,3,5.63,75,0,0.19,1.3,0.08,5,0.08,0.5,4,0.6,0.885
475,TRAILER 40 FT,31000375,1,100,69570,1500,63245,1500,2.4,4.83,70,0,0.19,1.3,0.08,5,0.08,0.5,4,0.6,0.885
476,TRUCK PICKUP  1/2 TON,30000093,1,100,19448,4000,17680,4000,0.3,48.27,80,130,0.007,2,0.08,5,0.08,0.5,4,0.6,0.885
477,TRUCK PICKUP  3/4 TON,30000094,1,100,20507,4000,18643,4000,0.3,48.27,80,130,0.007,2,0.08,5,0.08,0.5,4,0.6,0.885
478,TRUCK SEMI W TRAILER-DIES,30000095,1,100,116538,4500,105944,4500,0.3,72.4,80,224,0.007,2,0.08,5,0.08,0.5,4,0.6,0.885
479,TRUCK TNDM AXLE-DIES 4TON,30000096,1,100,48708,4000,44280,4000,0.3,40.22,80,149,0.007,2,0.08,5,0.08,0.5,4,0.6,0.885
480,COMBINE SELF-PROP HILLSD,31000376,1,100,55220,2000,50200,2000,6.7,4.83,75,0,0.04,2.1,0.08,5,0.08,0.5,4,0.64,0.885
481,DISK PLOW GE23FT,31000377,1,100,17658,2500,16053,2500,7.3,7.24,75,0,0.18,1.7,0.08,5,0.08,0.5,4,0.6,0.885
482,BACKHOE,30000097,1,100,153099,2000,139181,2000,2.1,16.09,85,75,0.007,2,0.08,5,0.08,0.5,4,0.6,0.885
483,COTTON CHOPPER,31000378,1,100,8398,2500,7634,2500,4.9,7.24,80,0,0.28,1.4,0.08,5,0.08,0.5,4,0.6,0.885
484,DITCHER (VEE OR ROTARY),31000379,1,100,17054,2000,15504,2000,2.1,4.83,80,0,0.29,1.8,0.08,5,0.08,0.5,4,0.6,0.885
485,FRONTEND LOADER,30000098,1,100,9393,2500,8539,2500,1.8,4.83,80,75,0.007,2,0.08,5,0.08,0.5,4,0.6,0.885
486,GRAIN/HAY WAGON,31000380,1,100,2576,2500,2342,2500,2.4,16.09,82.5,0,0.19,1.3,0.08,5,0.08,0.5,4,0.6,0.885
487,ROCK PICKER,31000381,1,100,10537,2500,9579,2500,2.1,4.83,70,0,0.29,1.8,0.08,5,0.08,0.5,4,0.6,0.885
488,RODENT KILLER,31000382,1,100,1696,1200,1542,1200,2.1,1.61,80,0,0.32,2.1,0.08,5,0.08,0.5,4,0.6,0.885
489,D7E BULLDOZER WITH BLADE,30000099,1,100,148612,12000,135101,12000,3,4.83,60,224,0.003,2,0.08,5,0.08,0.5,4,0.68,0.92
490,GATED PIPE,30000100,1,100,4739,73167,4308,73167,0.3,5.04,100,15,0.19,1.3,0.08,5,0.08,0.5,4,0.9,0.96
491,PLASTIC LAYER 1 ROW,31000383,1,100,400,1000,364,1000,0.9,1.77,60,0,0.19,1.3,0.08,5,0.08,0.5,4,0.6,0.885
492,RODWEEDER/10 BAR HAR 36FT,31000384,1,100,15829,2500,14390,2500,11,6.44,75,0,0.27,1.4,0.08,5,0.08,0.5,4,0.6,0.885
493,CANE HARVESTER 2 ROW,30000101,1,100,182698,6000,166089,6000,3.7,8.05,100,82,0.19,1.4,0.08,5,0.08,0.5,4,0.6,0.885
494,"TRANSLOADER, SUGARCANE",31000385,1,100,25983,150,23621,150,3.7,4.02,60,0,0.19,1.3,0.08,5,0.08,0.5,4,0.6,0.885
495,BURNING UNIT,31000386,1,100,1540,510,1400,510,5.5,6.44,100,0,0.19,1.3,0.08,5,0.08,0.5,4,0.6,0.885
496,CANE WAGON 10TON,31000387,1,100,9573,3600,8703,3600,2.4,2.41,100,0,0.19,1.3,0.08,5,0.08,0.5,4,0.6,0.885
497,POTATO HARVESTER,31000388,1,100,39131,2500,35573,2500,1.8,3.22,70,0,0.19,1.4,0.08,5,0.08,0.5,4,0.6,0.885
498,SP CANE LOADER,31000389,1,100,67008,4500,60916,4500,1.8,4.83,100,0,0.19,1.3,0.08,5,0.08,0.5,4,0.6,0.885
499,VEGETABLE HARVESTER,31000390,1,100,3009,2000,2736,2000,1.2,4.83,87,0,0.19,1.4,0.08,5,0.08,0.5,4,0.6,0.885
500,MECH PLANTER SUGARCANE,31000391,1,100,34565,1440,31423,1440,1.8,4.83,100,0,0.32,2.1,0.08,5,0.08,0.5,4,0.6,0.885
501,REMOVE FURROW DIKE,31000392,1,100,1,1,1,1,1,1,1,0,0,0,0.08,5,0.08,0.5,4,0,0
502,BUILD FURROW DIKE,31000393,1,100,1,1,1,1,1,1,1,0,0,0,0.08,5,0.08,0.5,4,0,0
503,BUILD RICE PADDY,31000394,1,100,1,1,1,1,1,1,1,0,0,0,0.08,5,0.08,0.5,4,0,0
504,REDUCE STAND,31000395,1,100,1,1,1,1,1,1,1,0,0,0,0.08,5,0.08,0.5,4,0,0
505,PUDDLE RICE PADDY,31000396,1,100,1,1,1,1,1,1,1,0,0,0,0.08,5,0.08,0.5,4,0,0
506,DESTROY PUDDLE,31000397,1,100,1,1,1,1,1,1,1,0,0,0,0.08,5,0.08,0.5,4,0,0
507,INITIATE GRAZING,31000398,1,100,1,1,1,1,1,1,1,0,0,0,0.08,5,0.08,0.5,4,0,0
508,STOP GRAZING,31000399,1,100,1,1,1,1,1,1,1,0,0,0,0.08,5,0.08,0.5,4,0,0
509,KILL,31000400,1,100,1,1,1,1,1,1,1,0,0,0,0.08,5,0.08,0.5,4,0,0
510,CLEARCUT,31000401,1,100,31867,2500,28970,2500,1.5,4.51,60,0,0.15,1.6,0.08,5,0.08,0.5,4,0.56,0.885
511,CENTER PIVOT SPRINKLER,30000102,1,100,64448,15000,58589,15000,3,3.22,95,7,0.012,1.3,0.08,5,0.08,0.5,4,0.68,0.92
512,IRRIGATION 100HP MOTOR,30000103,1,100,10070,11000,9155,11000,3,3.22,82.5,75,0.012,1.3,0.08,5,0.08,0.5,4,0.68,0.92
513,FURROW IRRIGATION,30000104,1,100,35541,20000,32310,20000,2.4,3.22,75,41,0.19,1.3,0.08,5,0.08,0.5,4,0.68,0.9
514,AL DRIP IRRIGATION,31000402,1,100,14809,2000,13463,2000,0.9,1.61,95,0,0.19,1.3,0.08,5,0.08,0.5,4,0.6,1.097
515,WY GRND WATER WELL,31000403,1,100,13387,14535,12170,14535,0.9,4.83,55,0,0.19,1.3,0.08,5,0.08,0.5,4,0.6,1.07
516,WY CONCRETE DITCH,31000404,1,100,37910,79500,34464,79500,0.9,4.83,55,0,0.19,1.3,0.08,5,0.08,0.5,4,0.6,0.6
517,WY GATED PIPE,31000405,1,100,74636,16880,67851,16880,0.9,4.83,80,0,0.19,1.3,0.08,5,0.08,0.5,4,0.5,0.001
518,HAULING               639,31000406,1,100,8,1,8,1,0,0,0,0,0,0,0.08,5,0.08,0.5,4,0,0
519,AERIAL APP-FERT,30000105,1,100,19,15000,17,15000,3,3.22,82.5,7,0.63,1.3,0.08,5,0.08,0.5,4,0.68,0.92
520,AERIAL APP-INSECT     562,31000407,1,100,7,1,7,1,0,0,0,0,0,0,0.08,5,0.08,0.5,4,0,0
521,THIN                  563,31000408,1,100,62,1,62,1,0,0,0,0,0,0,0.08,5,0.08,0.5,4,0,0
522,WEED,30000106,1,100,44,2000,40,2000,4.3,8.37,70,63,0.17,2.2,0.08,5,0.08,0.5,4,0.6,0.885
523,DEFOLIATE,30000107,1,100,8,12000,7,12000,30,12,90,119,0.41,1.3,0.08,5,0.08,0.5,4,0.68,0.92
524,COMBINE               624,31000409,1,100,14,1,0,1,0,0,0,0,0,0,0.08,5,0.08,0.5,4,0,0
525,COMBINE               624,31000410,1,100,41,1,41,1,0,0,0,0,0,0,0.08,5,0.08,0.5,4,0,0
526,FERTILIZER APP        580,31000411,1,100,2000,450,2000,450,25,7,70,0,0.63,1.3,0.08,5,0.08,0.5,4,0.6,0.885
527,LABOR                 604,31000412,1,100,9,1,9,1,0,0,0,0,0,0,0.08,5,0.08,0.5,4,0,0
528,DRYING                606,31000413,1,100,1,1,1,1,0,0,0,0,0,0,0.08,5,0.08,0.5,4,0,0
529,STACKING              607,31000414,1,100,44,1,44,1,0,0,0,0,0,0,0.08,5,0.08,0.5,4,0,0
530,CULTIVATE             608,31000415,1,100,15,1,15,1,0,0,0,0,0,0,0.08,5,0.08,0.5,4,0,0
531,SUBSOIL               612,31000416,1,100,32,1,32,1,0,0,0,0,0,0,0.08,5,0.08,0.5,4,0,0
532,DISC                  613,31000417,1,100,20,1,20,1,0,0,0,0,0,0,0.08,5,0.08,0.5,4,0,0
533,BUILD BORDER          614,31000418,1,100,15,1,15,1,0,0,0,0,0,0,0.08,5,0.08,0.5,4,0,0
534,FERTTRUCK             615,31000419,1,100,51,1,51,1,0,0,0,0,0,0,0.08,5,0.08,0.5,4,0,0
535,BREAK BORDERS         620,31000420,1,100,44,1,44,1,0,0,0,0,0,0,0.08,5,0.08,0.5,4,0,0
536,HARVEST               623,31000421,1,100,25,1,25,1,0,0,0,0,0,0,0.08,5,0.08,0.5,4,0,0
537,HARVEST               626,31000422,1,100,51,1,51,1,0,0,0,0,0,0,0.08,5,0.08,0.5,4,0,0
538,Ginning               629,31000423,1,100,44,1,44,1,0,0,0,0,0,0,0.08,5,0.08,0.5,4,0,0
539,Bagging & Ties        632,31000424,1,100,76,1,76,1,0,0,0,0,0,0,0.08,5,0.08,0.5,4,0,0
540,HAULING               633,31000425,1,100,3,1,3,1,0,0,0,0,0,0,0.08,5,0.08,0.5,4,0,0
541,SCOUTING              649,31000426,1,100,7,1,7,1,0,0,0,0,0,0,0.08,5,0.08,0.5,4,0,0
542,TOBACCO HARVEST       654,31000427,1,100,249,1,249,1,0,0,0,0,0,0,0.08,5,0.08,0.5,4,0,0
543,"Planter, 20 inch      658",31000428,1,100,29834,1200,27122,1200,6.1,8.85,60,0,0.32,2.1,0.08,5,0.08,0.5,4,0.6,0.885
544,"Planter, 13 inch      659",31000429,1,100,29834,1200,27122,1200,6.1,8.85,60,0,0.32,2.1,0.08,5,0.08,0.5,4,0.6,0.885
545,"Planter, 27 inch      660",31000430,1,100,29834,1200,27122,1200,6.1,8.85,60,0,0.32,2.1,0.08,5,0.08,0.5,4,0.6,0.885
546,"Planter, 40 inch      661",31000431,1,100,29834,1200,27122,1200,6.1,8.85,60,0,0.32,2.1,0.08,5,0.08,0.5,4,0.6,0.885
547,"Planter, 32 inch      662",31000432,1,100,29834,1200,27122,1200,6.1,8.85,60,0,0.32,2.1,0.08,5,0.08,0.5,4,0.6,0.885
548,"Planter, Fallow       665",31000433,1,100,1,1200,1,1200,6.1,8.85,60,0,0,0,0.08,5,0.08,0.5,4,0.6,0.885
549,"Planter, 38 inch      667",31000434,1,100,1,1200,1,1200,6.1,8.85,60,0,0.32,2.1,0.08,5,0.08,0.5,4,0.6,0.885
550,"Planter, 30 inch      668",31000435,1,100,1,1200,1,1200,6.1,8.85,60,0,0.32,2.1,0.08,5,0.08,0.5,4,0.6,0.885
674,Farm1_OE1_Tractor Case 9170,31000436,1,100,45000,9600,45000,9600,50,20,80,325,0.007,2,0.08,5,0.08,0.5,4,0.68,0.92
675,Farm1_OE2_Tractor Ford 8970,31000437,1,100,70000,9600,70000,9600,50,20,80,225,0.007,2,0.08,5,0.08,0.5,4,0.68,0.92
676,Farm1_OE3_Tractor Ford 8160,31000438,1,100,45000,9600,45000,9600,50,20,80,180,0.007,2,0.08,5,0.08,0.5,4,0.68,0.92
677,Farm1_OE4_Tractor Case 5250,31000439,1,100,35000,9600,35000,9600,50,20,80,150,0.007,2,0.08,5,0.08,0.5,4,0.68,0.92
678,Farm1_OE5_Field Roller,31000440,1,100,10000,1500,10000,1500,42,4,75,0,0.23,1.8,0.08,5,0.08,0.5,4,0.56,0.885
679,"Farm1_OE6_Flexicoil Drill, Stelth openers",31000441,1,100,45000,1200,45000,1200,39,5,70,0,0.32,2.1,0.08,5,0.08,0.5,4,0.6,0.885
680,Farm1_OE7_PT Case Swather,31000442,1,100,10000,1800,10000,1800,25,10,80,0,0.18,1.6,0.08,5,0.08,0.5,4,0.56,0.885
681,Farm1_OE8_SD Premiere Swather,31000443,1,100,95000,1800,95000,1800,30,15,80,0,0.18,1.6,0.08,5,0.08,0.5,4,0.56,0.885
682,Farm1_OE9_Baler JD 568,31000444,1,100,45000,1200,45000,1200,7,5,65,0,0.43,1.8,0.08,5,0.08,0.5,4,0.56,0.885
683,Farm1_OE10_NH 240 Chopper P.T,31000445,1,100,40000,4000,40000,4000,10,6,70,0,0.02,1.8,0.08,5,0.08,0.5,4,0.56,0.885
684,Farm1_OE11_TX66 NH SP Combine,31000446,1,100,55000,5500,55000,5500,15,6,70,150,0.02,2.1,0.08,5,0.08,0.5,4,0.64,0.885
685,Farm1_OE12_TX66 NH SP Combine,31000447,1,100,50000,5500,50000,5500,15,6,70,150,0.02,2.1,0.08,5,0.08,0.5,4,0.64,0.885
686,Farm1_OE13_Flexicoil Harrow,31000448,1,100,20000,1500,20000,1500,70,6,80,0,0.18,1.7,0.08,5,0.08,0.5,4,0.6,0.885
687,Farm1_OE14_Flexicoil Harrow with Valmar blower & tank,31000449,1,100,15000,1500,15000,1500,40,6,80,0,0.18,1.7,0.08,5,0.08,0.5,4,0.6,0.885
688,Farm1_OE15_Bourgault Cultivator,31000450,1,100,25000,1200,25000,1200,36,5,85,0,0.27,1.4,0.08,5,0.08,0.5,4,0.6,0.885
689,Farm1_OE16_Flexicoil Sprayer P.T,31000451,1,100,30000,2000,30000,2000,80,6.5,65,0,0.43,1.8,0.08,5,0.08,0.5,4,0.6,0.885
690,Farm1_OE17_Haybine NH,31000452,1,100,10000,1800,10000,1800,16,10,80,0,0.18,1.6,0.08,5,0.08,0.5,4,0.56,0.885
691,Farm1_LE1_Tractor JD 8640,31000453,0,30000,30000,9600,30000,9600,50,20,80,275,0.007,2,0.08,5,0.08,0.5,4,0.68,0.92
692,Farm1_LE2_Tractor JD 8520 Track,31000454,0,29000,29000,9600,29000,9600,50,20,80,225,0.007,2,0.08,5,0.08,0.5,4,0.68,0.92
693,Farm1_LE3_Fertilizer spreader,31000455,0,3000,3000,450,3000,450,20,6,70,0,0.63,1.3,0.08,5,0.08,0.5,4,0.6,0.885
694,Farm3_OE1_Tractor JD 1840,31000456,1,100,20000,9600,20000,9600,50,20,80,65,0.007,2,0.08,5,0.08,0.5,4,0.68,0.92
695,Farm3_OE2_Tractor JD 4020,31000457,1,100,7500,9600,7500,9600,50,20,80,90,0.007,2,0.08,5,0.08,0.5,4,0.68,0.92
696,Farm3_OE3_Haybine NH 114,31000458,1,100,5000,1800,5000,1800,14,5,80,0,0.18,1.6,0.08,5,0.08,0.5,4,0.56,0.885
697,Farm3_OE4_Baler JD 510,31000459,1,100,2500,1200,2500,1200,7,5,65,0,0.43,1.8,0.08,5,0.08,0.5,4,0.56,0.885
698,"Farm3_OE5_Harrows,Diamond",31000460,1,100,100,1500,100,1500,40,6,80,0,0.18,1.7,0.08,5,0.08,0.5,4,0.6,0.885
699,Farm3_OE6_Truck Chevrolet,31000461,1,100,1000,4000,1000,4000,7,48.27,80,0,0.007,2,0.08,5,0.08,0.5,4,0.6,0.885
700,Farm3_OE7_Trailer Maverick,31000462,1,100,4000,4000,4000,4000,7,48.27,80,0,0.007,2,0.08,5,0.08,0.5,4,0.6,0.885
701,Farm3_OE8_Truck  Ford F250,31000463,1,100,5000,4000,5000,4000,7,48.27,80,0,0.007,2,0.08,5,0.08,0.5,4,0.6,0.885
702,Farm5_OE1_Tractor JD 4455,31000464,1,100,40000,9600,40000,9600,50,20,80,145,0.007,2,0.08,5,0.08,0.5,4,0.68,0.92
703,Farm5_OE2_Tractor JD 4250,31000465,1,100,25000,9600,25000,9600,50,20,80,110,0.007,2,0.08,5,0.08,0.5,4,0.68,0.92
704,Farm5_OE3_Frigstad Cultivator,31000466,1,100,2000,1200,2000,1200,24,5,85,0,0.27,1.4,0.08,5,0.08,0.5,4,0.6,0.885
705,"Farm5_OE4_JD Air Seeder , Shovel",31000467,1,100,25000,900,25000,900,30,5,70,0,0.32,2.1,0.08,5,0.08,0.5,4,0.6,0.885
706,Farm5_OE5_Harrow-Packers,31000468,1,100,2000,1500,2000,1500,40,6,80,0,0.18,1.7,0.08,5,0.08,0.5,4,0.6,0.885
707,Farm5_OE6_Sprayer Versatile PT,31000469,1,100,800,2000,800,2000,80,6.5,65,0,0.43,1.8,0.08,5,0.08,0.5,4,0.6,0.885
708,Farm5_OE7_Swather SP versatile,31000470,1,100,1500,1800,1500,1800,20,7,80,90,0.18,1.6,0.08,5,0.08,0.5,4,0.56,0.885
709,Farm5_OE8_Combine SP JD 6620 with pickup,31000471,1,100,6000,5500,6000,5500,15,6,70,145,0.02,2.1,0.08,5,0.08,0.5,4,0.64,0.885
710,Farm5_OE9_Baler NH,31000472,1,100,1500,1200,1500,1200,7,5,65,0,0.43,1.8,0.08,5,0.08,0.5,4,0.56,0.885
711,Farm5_OE10_Haybine NH PT,31000473,1,100,2000,1800,2000,1800,14,5,80,0,0.18,1.6,0.08,5,0.08,0.5,4,0.56,0.885
712,Farm5_OE11_Grain truck Chev single axle,31000474,1,100,4000,4000,4000,4000,7,48.27,80,0,0.007,2,0.08,5,0.08,0.5,4,0.6,0.885
713,Farm5_OE12_Tractor JD 7210 & loader,31000475,1,100,55000,9600,55000,9600,50,20,80,95,0.007,2,0.08,5,0.08,0.5,4,0.68,0.92
714,Farm5_OE13_Fertilizer Spreader,31000476,1,100,500,450,500,450,20,6,70,0,0.63,1.3,0.08,5,0.08,0.5,4,0.6,0.885
715,Farm5_OE14_Manure Spreader  International,31000477,1,100,500,2000,500,2000,20,6.44,85,0,0.63,1.3,0.08,5,0.08,0.5,4,0.6,0.885
716,Farm7_OE1_Tractor 4WD Case STX 480,31000478,1,100,200000,9600,200000,9600,10,10,80,480,0.007,2,0.08,5,0.08,0.143,4,0.68,0.92
717,Farm7_OE2_Flexicoil cultivator,31000479,1,100,15000,1200,15000,1200,50,5,85,0,0.27,1.4,0.08,5,0.08,0.143,4,0.6,0.885
718,Farm7_OE3_JD Disc,31000480,1,100,70000,1500,70000,1500,45,6,80,0,0.18,1.7,0.08,5,0.08,0.143,4,0.6,0.885
719,Farm7_OE4_Tractor FWA Case MX 245,31000481,1,100,150000,9600,150000,9600,10,10,80,200,0.007,2,0.08,5,0.08,0.143,4,0.68,0.92
720,Farm7_OE5_JD Corn Planter,31000482,1,100,30000,1500,30000,1500,37,6,65,0,0.32,2.1,0.08,5,0.08,0.143,4,0.6,0.885
721,Farm7_OE6_Riteway Harrow Packer Bar,31000483,1,100,10000,1500,10000,1500,45,6,80,0,0.18,1.7,0.08,5,0.08,0.143,4,0.6,0.885
722,Farm7_OE7_JD 7800 Forage harvester,31000484,1,100,400000,4000,400000,4000,20,10,70,560,0.02,1.8,0.08,5,0.08,0.143,4,0.56,0.885
723,Farm7_OE8_International 7400 Silage Truck,31000485,1,100,80000,4000,80000,4000,20,30,80,0,0.007,2,0.08,5,0.08,0.143,4,0.6,0.885
724,Farm7_OE9_Pivot System Renkie with cornerarm,31000486,1,100,30000,2000,30000,2000,90,6.5,65,0,0.43,1.8,0.08,5,0.08,0.143,4,0.6,0.885
725,Farm7_OE10_Pivot System Renkie with cornerarm,31000487,1,100,25000,2000,25000,2000,90,6.5,65,0,0.43,1.8,0.08,5,0.08,0.143,4,0.6,0.885
726,Farm7_OE11_Ripper Disc Krause,31000488,1,100,30000,1500,30000,1500,25,6,80,0,0.18,1.7,0.08,5,0.08,0.143,4,0.6,0.885
727,Farm7_OE12_Sprayer Case IH SPX 4260 SP,31000489,1,100,200000,2000,200000,2000,100,10,65,100,0.43,1.8,0.08,5,0.08,0.143,4,0.6,0.885
728,Farm7_OE8b_International 7400 Silage Truck,31000490,1,100,80000,4000,80000,4000,20,30,80,0,0.007,2,0.08,5,0.08,0.143,4,0.6,0.885
729,Farm7_OE8c_International 7400 Silage Truck,31000491,1,100,80000,4000,80000,4000,20,30,80,0,0.007,2,0.08,5,0.08,0.143,4,0.6,0.885
730,Farm7_OE8d_International 7400 Silage Truck,31000492,1,100,80000,4000,80000,4000,20,30,80,0,0.007,2,0.08,5,0.08,0.143,4,0.6,0.885
731,Farm8_OE1_JD Tractor 8420,31000493,1,100,90000,9600,90000,9600,30,30,80,250,0.007,2,0.08,5,0.08,0.5,4,0.68,0.92
732,Farm8_OE2_JD Tractor 7820,31000494,1,100,135000,9600,135000,9600,30,20,80,170,0.007,2,0.08,5,0.08,0.5,4,0.68,0.92
733,Farm8_OE3_JD Tractor 7610,31000495,1,100,70000,9600,70000,9600,30,20,80,115,0.007,2,0.08,5,0.08,0.5,4,0.68,0.92
734,Farm8_OE4_Bourgault 3200 Air Seeder/2195 cart,31000496,1,100,25000,900,25000,900,20,5,70,0,0.32,2.1,0.08,5,0.08,0.5,4,0.6,0.885
735,Farm8_OE5_Active Harrow Packer,31000497,1,100,10000,1500,10000,1500,42,6,80,0,0.18,1.7,0.08,5,0.08,0.5,4,0.6,0.885
736,Farm8_OE6_JD 1610 Field Cultivator,31000498,1,100,8500,1200,8500,1200,60,5,85,0,0.27,1.4,0.08,5,0.08,0.5,4,0.6,0.885
737,Farm8_OE7_Degelman Rock Picker,31000499,1,100,2500,1800,2500,1800,15,5,80,0,0.18,1.6,0.08,5,0.08,0.5,4,0.56,0.885
738,Farm8_OE8_Summers HD Harrow Bar,31000500,1,100,12000,1500,12000,1500,48,6,80,0,0.18,1.7,0.08,5,0.08,0.5,4,0.6,0.885
739,Farm8_OE9_Freightliner Dump Grain/Silage,31000501,1,100,50000,4000,50000,4000,32,48.27,80,0,0.007,2,0.08,5,0.08,0.5,4,0.6,0.885
740,Farm8_OE10_IHC Tandom McKee Box,31000502,1,100,55000,2000,55000,2000,20,6.44,85,0,0.63,1.3,0.08,5,0.08,0.5,4,0.6,0.885
741,Farm8_OE11_McKee  Manure Box,31000503,1,100,16000,2000,16000,2000,18,6.44,85,0,0.63,1.3,0.08,5,0.08,0.5,4,0.6,0.885
742,Farm8_OE12_IHC Tandom Box and Auto Trans,31000504,1,100,16000,2000,16000,2000,20,6.44,85,0,0.63,1.3,0.08,5,0.08,0.5,4,0.6,0.885
743,Farm8_OE13_JD  6850 Forage Harvester,31000505,1,100,115000,4000,115000,4000,60,15,70,645,0.02,1.8,0.08,5,0.08,0.5,4,0.56,0.885
744,Farm8_OE14_Combine JD 9610 SP,31000506,1,100,120000,5500,120000,5500,15,10,70,0,0.02,2.1,0.08,5,0.08,0.5,4,0.64,0.885
745,"Farm8_OE15_Swather Macdon 2940 header, hay header",31000507,1,100,110000,1800,110000,1800,30,10,80,0,0.18,1.6,0.08,5,0.08,0.5,4,0.56,0.885
746,Farm8_LE1_5-ton Ford,31000508,0,2000,2000,450,2000,450,25,6,70,0,0.63,1.3,0.08,5,0.08,0.5,4,0.6,0.885
747,Farm8_LE2_Broadcaster,31000509,0,1000,1000,450,1000,450,25,6,70,0,0.63,1.3,0.08,5,0.08,0.5,4,0.6,0.885
748,Farm8_LE3_JD 567 Baler,31000510,0,1500,1500,1200,1500,1200,6,5,65,0,0.43,1.8,0.08,5,0.08,0.5,4,0.56,0.885
749,Farm8_LE4_Sprayer,31000511,0,30000,30000,2000,30000,2000,100,6.5,65,0,0.43,1.8,0.08,5,0.08,0.5,4,0.6,0.885
750,Farm8_LE5_Case 5020 Tractor,31000512,0,25000,25000,9600,25000,9600,10,20,80,200,0.007,2,0.08,5,0.08,0.5,4,0.68,0.92
751,Farm12_OE1_Cultivator Flexicoil shvel and harrows,31000513,1,100,30000,1200,30000,1200,32,10,85,0,0.27,1.4,0.08,5,0.08,0.5,4,0.6,0.885
752,Farm12_OE2_Seed drill JD hoe,31000514,1,100,30000,1200,30000,1200,30,10,70,0,0.32,2.1,0.08,5,0.08,0.5,4,0.6,0.885
753,Farm12_OE3_JD 4960 Tractor,31000515,1,100,80000,9600,80000,9600,50,20,80,235,0.007,2,0.08,5,0.08,0.5,4,0.68,0.92
754,Farm12_OE4_Swather Hesston SP,31000516,1,100,35000,1800,35000,1800,21,5,80,90,0.18,1.6,0.08,5,0.08,0.5,4,0.56,0.885
755,Farm12_OE5_Forage Harvester Case 1H Pt,31000517,1,100,20000,4000,20000,4000,8,6,70,0,0.02,1.8,0.08,5,0.08,0.5,4,0.56,0.885
756,Farm12_OE6_Bagger Gem Silage Bagger,31000518,1,100,120000,4000,120000,4000,9,15,70,0,0.02,1.8,0.08,5,0.08,0.5,4,0.56,0.885
757,Farm12_OE7_Dribbler & Bandwagon PT,31000519,1,100,15000,2000,15000,2000,40,6.5,65,0,0.43,1.8,0.08,5,0.08,0.5,4,0.6,0.885
758,Farm12_OE8_Tractor JD 4450,31000520,1,100,60000,9600,60000,9600,50,20,80,145,0.007,2,0.08,5,0.08,0.5,4,0.68,0.92
759,Farm12_OE9_Manure Spreader Hedegor,31000521,1,100,15000,2000,15000,2000,10,6.44,85,0,0.63,1.3,0.08,5,0.08,0.5,4,0.6,0.885
760,Farm1_IMP_OE1_Tractor Case 9170,31000522,1,100,45000,9600,45000,9600,50,20,80,325,0.007,2,0.08,5,0.08,0.5,4,0.68,0.92
761,Farm1_IMP_OE2_Tractor Ford 8970,31000523,1,100,70000,9600,70000,9600,50,20,80,225,0.007,2,0.08,5,0.08,0.5,4,0.68,0.92
762,Farm1_IMP_OE3_Tractor Ford 8160,31000524,1,100,45000,9600,45000,9600,50,20,80,180,0.007,2,0.08,5,0.08,0.5,4,0.68,0.92
763,Farm1_IMP_OE4_Tractor Case 5250,31000525,1,100,35000,9600,35000,9600,50,20,80,150,0.007,2,0.08,5,0.08,0.5,4,0.68,0.92
764,Farm1_IMP_OE5_Field Roller,31000526,1,100,10000,1500,10000,1500,42,4,75,0,0.23,1.8,0.08,5,0.08,0.5,4,0.56,0.885
765,"Farm1_IMP_OE6_Flexicoil Drill, Stelth openers",31000527,1,100,45000,1200,45000,1200,39,5,70,0,0.32,2.1,0.08,5,0.08,0.5,4,0.6,0.885
766,Farm1_IMP_OE7_PT Case Swather,31000528,1,100,10000,1800,10000,1800,25,10,80,0,0.18,1.6,0.08,5,0.08,0.5,4,0.56,0.885
767,Farm1_IMP_OE8_SD Premiere Swather,31000529,1,100,95000,1800,95000,1800,30,15,80,0,0.18,1.6,0.08,5,0.08,0.5,4,0.56,0.885
768,Farm1_IMP_OE9_Baler JD 568,31000530,1,100,45000,1200,45000,1200,7,5,65,0,0.43,1.8,0.08,5,0.08,0.5,4,0.56,0.885
769,Farm1_IMP_OE10_NH 240 Chopper P.T,31000531,1,100,40000,4000,40000,4000,10,6,70,0,0.02,1.8,0.08,5,0.08,0.5,4,0.56,0.885
770,Farm1_IMP_OE11_TX66 NH SP Combine,31000532,1,100,55000,5500,55000,5500,15,6,70,150,0.02,2.1,0.08,5,0.08,0.5,4,0.64,0.885
771,Farm1_IMP_OE12_TX66 NH SP Combine,31000533,1,100,50000,5500,50000,5500,15,6,70,150,0.02,2.1,0.08,5,0.08,0.5,4,0.64,0.885
772,Farm1_IMP_OE13_Flexicoil Harrow,31000534,1,100,20000,1500,20000,1500,70,6,80,0,0.18,1.7,0.08,5,0.08,0.5,4,0.6,0.885
773,Farm1_IMP_OE14_Flexicoil Harrow with Valmar blower & tank,31000535,1,100,15000,1500,15000,1500,40,6,80,0,0.18,1.7,0.08,5,0.08,0.5,4,0.6,0.885
774,Farm1_IMP_OE15_Bourgault Cultivator,31000536,1,100,25000,1200,25000,1200,36,5,85,0,0.27,1.4,0.08,5,0.08,0.5,4,0.6,0.885
775,Farm1_IMP_OE16_Flexicoil Sprayer P.T,31000537,1,100,30000,2000,30000,2000,80,6.5,65,0,0.43,1.8,0.08,5,0.08,0.5,4,0.6,0.885
776,Farm1_IMP_OE17_Haybine NH,31000538,1,100,10000,1800,10000,1800,16,10,80,0,0.18,1.6,0.08,5,0.08,0.5,4,0.56,0.885
777,Farm1_IMP_LE1_Tractor JD 8640,31000539,0,30000,30000,9600,30000,9600,50,20,80,275,0.007,2,0.08,5,0.08,0.5,4,0.68,0.92
778,Farm1_IMP_LE2_Tractor JD 8520 Track,31000540,0,29000,29000,9600,29000,9600,50,20,80,225,0.007,2,0.08,5,0.08,0.5,4,0.68,0.92
779,Farm1_IMP_LE3_Fertilizer spreader,31000541,0,3000,3000,450,3000,450,20,6,70,0,0.63,1.3,0.08,5,0.08,0.5,4,0.6,0.885
780,Farm1_IMP_REF_OE1_Tractor Case 9170,31000542,1,100,45000,9600,45000,9600,50,20,80,325,0.007,2,0.08,5,0.08,0.5,4,0.68,0.92
781,Farm1_IMP_REF_OE2_Tractor Ford 8970,31000543,1,100,70000,9600,70000,9600,50,20,80,225,0.007,2,0.08,5,0.08,0.5,4,0.68,0.92
782,Farm1_IMP_REF_OE3_Tractor Ford 8160,31000544,1,100,45000,9600,45000,9600,50,20,80,180,0.007,2,0.08,5,0.08,0.5,4,0.68,0.92
783,Farm1_IMP_REF_OE4_Tractor Case 5250,31000545,1,100,35000,9600,35000,9600,50,20,80,150,0.007,2,0.08,5,0.08,0.5,4,0.68,0.92
784,Farm1_IMP_REF_OE5_Field Roller,31000546,1,100,10000,1500,10000,1500,42,4,75,0,0.23,1.8,0.08,5,0.08,0.5,4,0.56,0.885
785,"Farm1_IMP_REF_OE6_Flexicoil Drill, Stelth openers",31000547,1,100,45000,1200,45000,1200,39,5,70,0,0.32,2.1,0.08,5,0.08,0.5,4,0.6,0.885
786,Farm1_IMP_REF_OE7_PT Case Swather,31000548,1,100,10000,1800,10000,1800,25,10,80,0,0.18,1.6,0.08,5,0.08,0.5,4,0.56,0.885
787,Farm1_IMP_REF_OE8_SD Premiere Swather,31000549,1,100,95000,1800,95000,1800,30,15,80,0,0.18,1.6,0.08,5,0.08,0.5,4,0.56,0.885
788,Farm1_IMP_REF_OE9_Baler JD 568,31000550,1,100,45000,1200,45000,1200,7,5,65,0,0.43,1.8,0.08,5,0.08,0.5,4,0.56,0.885
789,Farm1_IMP_REF_OE10_NH 240 Chopper P.T,31000551,1,100,40000,4000,40000,4000,10,6,70,0,0.02,1.8,0.08,5,0.08,0.5,4,0.56,0.885
790,Farm1_IMP_REF_OE11_TX66 NH SP Combine,31000552,1,100,55000,5500,55000,5500,15,6,70,150,0.02,2.1,0.08,5,0.08,0.5,4,0.64,0.885
791,Farm1_IMP_REF_OE12_TX66 NH SP Combine,31000553,1,100,50000,5500,50000,5500,15,6,70,150,0.02,2.1,0.08,5,0.08,0.5,4,0.64,0.885
792,Farm1_IMP_REF_OE13_Flexicoil Harrow,31000554,1,100,20000,1500,20000,1500,70,6,80,0,0.18,1.7,0.08,5,0.08,0.5,4,0.6,0.885
793,Farm1_IMP_REF_OE14_Flexicoil Harrow with Valmar blower & tank,31000555,1,100,15000,1500,15000,1500,40,6,80,0,0.18,1.7,0.08,5,0.08,0.5,4,0.6,0.885
794,Farm1_IMP_REF_OE15_Bourgault Cultivator,31000556,1,100,25000,1200,25000,1200,36,5,85,0,0.27,1.4,0.08,5,0.08,0.5,4,0.6,0.885
795,Farm1_IMP_REF_OE16_Flexicoil Sprayer P.T,31000557,1,100,30000,2000,30000,2000,80,6.5,65,0,0.43,1.8,0.08,5,0.08,0.5,4,0.6,0.885
796,Farm1_IMP_REF_OE17_Haybine NH,31000558,1,100,10000,1800,10000,1800,16,10,80,0,0.18,1.6,0.08,5,0.08,0.5,4,0.56,0.885
797,Farm1_IMP_REF_LE1_Tractor JD 8640,31000559,0,30000,30000,9600,30000,9600,50,20,80,275,0.007,2,0.08,5,0.08,0.5,4,0.68,0.92
798,Farm1_IMP_REF_LE2_Tractor JD 8520 Track,31000560,0,29000,29000,9600,29000,9600,50,20,80,225,0.007,2,0.08,5,0.08,0.5,4,0.68,0.92
799,Farm1_IMP_REF_LE3_Fertilizer spreader,31000561,0,3000,3000,450,3000,450,20,6,70,0,0.63,1.3,0.08,5,0.08,0.5,4,0.6,0.885
800,Farm3_COR_PST_OE1_Tractor JD 1840,31000562,1,100,20000,9600,20000,9600,50,20,80,65,0.007,2,0.08,5,0.08,0.5,4,0.68,0.92
801,Farm3_COR_PST_OE2_Tractor JD 4020,31000563,1,100,7500,9600,7500,9600,50,20,80,90,0.007,2,0.08,5,0.08,0.5,4,0.68,0.92
802,Farm3_COR_PST_OE3_Haybine NH 114,31000564,1,100,5000,1800,5000,1800,14,5,80,0,0.18,1.6,0.08,5,0.08,0.5,4,0.56,0.885
803,Farm3_COR_PST_OE4_Baler JD 510,31000565,1,100,2500,1200,2500,1200,7,5,65,0,0.43,1.8,0.08,5,0.08,0.5,4,0.56,0.885
804,"Farm3_COR_PST_OE5_Harrows,Diamond",31000566,1,100,100,1500,100,1500,40,6,80,0,0.18,1.7,0.08,5,0.08,0.5,4,0.6,0.885
805,Farm3_COR_PST_OE6_Truck Chevrolet,31000567,1,100,1000,4000,1000,4000,7,48.27,80,0,0.007,2,0.08,5,0.08,0.5,4,0.6,0.885
806,Farm3_COR_PST_OE7_Trailer Maverick,31000568,1,100,4000,4000,4000,4000,7,48.27,80,0,0.007,2,0.08,5,0.08,0.5,4,0.6,0.885
807,Farm3_COR_PST_OE8_Truck  Ford F250,31000569,1,100,5000,4000,5000,4000,7,48.27,80,0,0.007,2,0.08,5,0.08,0.5,4,0.6,0.885
808,Farm5_WIN_OE1_Tractor JD 4455,31000570,1,100,40000,9600,40000,9600,50,20,80,145,0.007,2,0.08,5,0.08,0.5,4,0.68,0.92
809,Farm5_WIN_OE2_Tractor JD 4250,31000571,1,100,25000,9600,25000,9600,50,20,80,110,0.007,2,0.08,5,0.08,0.5,4,0.68,0.92
810,Farm5_WIN_OE3_Frigstad Cultivator,31000572,1,100,2000,1200,2000,1200,24,5,85,0,0.27,1.4,0.08,5,0.08,0.5,4,0.6,0.885
811,"Farm5_WIN_OE4_JD Air Seeder , Shovel",31000573,1,100,25000,900,25000,900,30,5,70,0,0.32,2.1,0.08,5,0.08,0.5,4,0.6,0.885
812,Farm5_WIN_OE5_Harrow-Packers,31000574,1,100,2000,1500,2000,1500,40,6,80,0,0.18,1.7,0.08,5,0.08,0.5,4,0.6,0.885
813,Farm5_WIN_OE6_Sprayer Versatile PT,31000575,1,100,800,2000,800,2000,80,6.5,65,0,0.43,1.8,0.08,5,0.08,0.5,4,0.6,0.885
814,Farm5_WIN_OE7_Swather SP versatile,31000576,1,100,1500,1800,1500,1800,20,7,80,90,0.18,1.6,0.08,5,0.08,0.5,4,0.56,0.885
815,Farm5_WIN_OE8_Combine SP JD 6620 with pickup,31000577,1,100,6000,5500,6000,5500,15,6,70,145,0.02,2.1,0.08,5,0.08,0.5,4,0.64,0.885
816,Farm5_WIN_OE9_Baler NH,31000578,1,100,1500,1200,1500,1200,7,5,65,0,0.43,1.8,0.08,5,0.08,0.5,4,0.56,0.885
817,Farm5_WIN_OE10_Haybine NH PT,31000579,1,100,2000,1800,2000,1800,14,5,80,0,0.18,1.6,0.08,5,0.08,0.5,4,0.56,0.885
818,Farm5_WIN_OE11_Grain truck Chev single axle,31000580,1,100,4000,4000,4000,4000,7,48.27,80,0,0.007,2,0.08,5,0.08,0.5,4,0.6,0.885
819,Farm5_WIN_OE12_Tractor JD 7210 & loader,31000581,1,100,55000,9600,55000,9600,50,20,80,95,0.007,2,0.08,5,0.08,0.5,4,0.68,0.92
820,Farm5_WIN_OE13_Fertilizer Spreader,31000582,1,100,500,450,500,450,20,6,70,0,0.63,1.3,0.08,5,0.08,0.5,4,0.6,0.885
821,Farm5_WIN_OE14_Manure Spreader  International,31000583,1,100,500,2000,500,2000,20,6.44,85,0,0.63,1.3,0.08,5,0.08,0.5,4,0.6,0.885
822,Farm8_SMF_nmf_OE1_JD Tractor 8420,31000584,1,100,90000,9600,90000,9600,30,30,80,250,0.007,2,0.08,5,0.08,0.5,4,0.68,0.92
823,Farm8_SMF_nmf_OE2_JD Tractor 7820,31000585,1,100,135000,9600,135000,9600,30,20,80,170,0.007,2,0.08,5,0.08,0.5,4,0.68,0.92
824,Farm8_SMF_nmf_OE3_JD Tractor 7610,31000586,1,100,70000,9600,70000,9600,30,20,80,115,0.007,2,0.08,5,0.08,0.5,4,0.68,0.92
825,Farm8_SMF_nmf_OE4_Bourgault 3200 Air Seeder/2195 cart,31000587,1,100,25000,900,25000,900,20,5,70,0,0.32,2.1,0.08,5,0.08,0.5,4,0.6,0.885
826,Farm8_SMF_nmf_OE5_Active Harrow Packer,31000588,1,100,10000,1500,10000,1500,42,6,80,0,0.18,1.7,0.08,5,0.08,0.5,4,0.6,0.885
827,Farm8_SMF_nmf_OE6_JD 1610 Field Cultivator,31000589,1,100,8500,1200,8500,1200,60,5,85,0,0.27,1.4,0.08,5,0.08,0.5,4,0.6,0.885
828,Farm8_SMF_nmf_OE7_Degelman Rock Picker,31000590,1,100,2500,1800,2500,1800,15,5,80,0,0.18,1.6,0.08,5,0.08,0.5,4,0.56,0.885
829,Farm8_SMF_nmf_OE8_Summers HD Harrow Bar,31000591,1,100,12000,1500,12000,1500,48,6,80,0,0.18,1.7,0.08,5,0.08,0.5,4,0.6,0.885
830,Farm8_SMF_nmf_OE9_Freightliner Dump Grain/Silage,31000592,1,100,50000,4000,50000,4000,32,48.27,80,0,0.007,2,0.08,5,0.08,0.5,4,0.6,0.885
831,Farm8_SMF_nmf_OE10_IHC Tandom McKee Box,31000593,1,100,55000,2000,55000,2000,20,6.44,85,0,0.63,1.3,0.08,5,0.08,0.5,4,0.6,0.885
832,Farm8_SMF_nmf_OE11_McKee  Manure Box,31000594,1,100,16000,2000,16000,2000,18,6.44,85,0,0.63,1.3,0.08,5,0.08,0.5,4,0.6,0.885
833,Farm8_SMF_nmf_OE12_IHC Tandom Box and Auto Trans,31000595,1,100,16000,2000,16000,2000,20,6.44,85,0,0.63,1.3,0.08,5,0.08,0.5,4,0.6,0.885
834,Farm8_SMF_nmf_OE13_JD  6850 Forage Harvester,31000596,1,100,115000,4000,115000,4000,60,15,70,645,0.02,1.8,0.08,5,0.08,0.5,4,0.56,0.885
835,Farm8_SMF_nmf_OE14_Combine JD 9610 SP,31000597,1,100,120000,5500,120000,5500,15,10,70,0,0.02,2.1,0.08,5,0.08,0.5,4,0.64,0.885
836,"Farm8_SMF_nmf_OE15_Swather Macdon 2940 header, hay header",31000598,1,100,110000,1800,110000,1800,30,10,80,0,0.18,1.6,0.08,5,0.08,0.5,4,0.56,0.885
837,Farm8_SMF_nmf_LE1_5-ton Ford,31000599,0,2000,2000,450,2000,450,25,6,70,0,0.63,1.3,0.08,5,0.08,0.5,4,0.6,0.885
838,Farm8_SMF_nmf_LE2_Broadcaster,31000600,0,1000,1000,450,1000,450,25,6,70,0,0.63,1.3,0.08,5,0.08,0.5,4,0.6,0.885
839,Farm8_SMF_nmf_LE3_JD 567 Baler,31000601,0,1500,1500,1200,1500,1200,6,5,65,0,0.43,1.8,0.08,5,0.08,0.5,4,0.56,0.885
840,Farm8_SMF_nmf_LE4_Sprayer,31000602,0,30000,30000,2000,30000,2000,100,6.5,65,0,0.43,1.8,0.08,5,0.08,0.5,4,0.6,0.885
841,Farm8_SMF_nmf_LE5_Case 5020 Tractor,31000603,0,25000,25000,9600,25000,9600,10,20,80,200,0.007,2,0.08,5,0.08,0.5,4,0.68,0.92
842,Farm12_DMF_OE1_Cultivator Flexicoil shvel and harrows,31000604,1,100,30000,1200,30000,1200,32,10,85,0,0.27,1.4,0.08,5,0.08,0.5,4,0.6,0.885
843,Farm12_DMF_OE2_Seed drill JD hoe,31000605,1,100,30000,1200,30000,1200,30,10,70,0,0.32,2.1,0.08,5,0.08,0.5,4,0.6,0.885
844,Farm12_DMF_OE3_JD 4960 Tractor,31000606,1,100,80000,9600,80000,9600,50,20,80,235,0.007,2,0.08,5,0.08,0.5,4,0.68,0.92
845,Farm12_DMF_OE4_Swather Hesston SP,31000607,1,100,35000,1800,35000,1800,21,5,80,90,0.18,1.6,0.08,5,0.08,0.5,4,0.56,0.885
846,Farm12_DMF_OE5_Forage Harvester Case 1H Pt,31000608,1,100,20000,4000,20000,4000,8,6,70,0,0.02,1.8,0.08,5,0.08,0.5,4,0.56,0.885
847,Farm12_DMF_OE6_Bagger Gem Silage Bagger,31000609,1,100,120000,4000,120000,4000,9,15,70,0,0.02,1.8,0.08,5,0.08,0.5,4,0.56,0.885
848,Farm12_DMF_OE7_Dribbler & Bandwagon PT,31000610,1,100,15000,2000,15000,2000,40,6.5,65,0,0.43,1.8,0.08,5,0.08,0.5,4,0.6,0.885
849,Farm12_DMF_OE8_Tractor JD 4450,31000611,1,100,60000,9600,60000,9600,50,20,80,145,0.007,2,0.08,5,0.08,0.5,4,0.68,0.92
850,Farm12_DMF_OE9_Manure Spreader Hedegor,31000612,1,100,15000,2000,15000,2000,10,6.44,85,0,0.63,1.3,0.08,5,0.08,0.5,4,0.6,0.885
